ticker,model,distribution,aic,bic,log_likelihood,num_params,n_obs,param_mu,param_omega,param_alpha[1],param_beta[1],param_nu,param_eta,param_lambda,param_gamma[1],param_phi,param_d,param_beta
NVDA,"GARCH(1,1)",normal,12602.096445844789,12625.42608955354,-6297.048222922394,4,2521,0.3144505110475112,0.8164141189106311,0.13646240931819426,0.7887313969956895,,,,,,,
NVDA,"GARCH(1,1)",t,12240.28065193253,12269.442706568469,-6115.140325966265,5,2521,0.27056259473586197,0.2542569969319461,0.0864524426078117,0.8921399011143853,4.594353170829365,,,,,,
NVDA,"GARCH(1,1)",skewt,12239.50286251631,12274.497328079438,-6113.751431258155,6,2521,0.23357864402456138,0.25155080200475194,0.08578263824599837,0.8929183277171737,,4.595450803611912,-0.04557672150386583,,,,
NVDA,"GARCH(1,1)",ged,12295.152734743626,12324.314789379565,-6142.576367371813,5,2521,0.2853186064389863,0.385283932093458,0.09859765685596936,0.8643492896802054,1.1622467890236896,,,,,,
NVDA,"GJR-GARCH(1,1)",normal,12558.233902932076,12587.395957568015,-6274.116951466038,5,2521,0.25267214456821474,1.0926588684343486,0.03842561443739988,0.7473355497270394,,,,0.22011729696820656,,,
NVDA,"GJR-GARCH(1,1)",t,12212.10768189681,12247.102147459938,-6100.053840948405,6,2521,0.23930716997105686,0.28703129920141723,0.030831110745057785,0.887131021561454,4.735590879560035,,,0.11332808368918465,,,
NVDA,"GJR-GARCH(1,1)",skewt,12210.76151484585,12251.588391336165,-6098.380757422925,7,2521,0.19936333570466333,0.28946013028148343,0.03123490229365406,0.8872674278362664,,4.72009966144092,-0.050374954801848885,0.1142484006693312,,,
NVDA,"GJR-GARCH(1,1)",ged,12268.759313201796,12303.753778764923,-6128.379656600898,6,2521,0.2579470081336525,0.4434583136341491,0.03216379032200113,0.8560874444193746,1.176780615162629,,,0.13545320837032648,,,
NVDA,"EGARCH(1,1)",normal,12519.79077642773,12548.952831063669,-6254.895388213865,5,2521,0.25910070975855026,0.18700635935920018,0.22427945207604214,0.9192942010277093,,,,-0.10741678485132305,,,
NVDA,"EGARCH(1,1)",t,12191.615228056915,12226.609693620043,-6089.8076140284575,6,2521,0.23142286683166993,0.08463134603409456,0.1823886390986649,0.9651846432666988,4.8977800255234705,,,-0.07837913216352471,,,
NVDA,"EGARCH(1,1)",skewt,12190.241292954079,12231.068169444394,-6088.120646477039,7,2521,0.1954765809084026,0.08773011463610617,0.18373194024923434,0.9643041293838076,,4.881599687489519,-0.05046586262198046,-0.07961162890046307,,,
NVDA,"EGARCH(1,1)",ged,12247.145394517536,12282.139860080664,-6117.572697258768,6,2521,0.25027108224386707,0.10835687618782301,0.1919726547420975,0.9535522740926237,1.1948522651370486,,,-0.08728691363986592,,,
NVDA,"FIGARCH(1,d,1)",normal,12617.599237009543,12646.761291645482,-6303.799618504771,5,2521,0.34858484126106093,1.6602045062890498,,,,,,,0.0943912291451336,0.28243502803208653,0.2001558456946914
NVDA,"FIGARCH(1,d,1)",t,12228.626127475982,12263.62059303911,-6108.313063737991,6,2521,0.27530207215038716,0.798960901006224,,,4.7802320944418195,,,,0.15813729066934473,0.31919835582013983,0.3546341846126475
NVDA,"FIGARCH(1,d,1)",skewt,12228.158530942772,12268.985407433087,-6107.079265471386,7,2521,0.2418578067097199,0.7625029154385312,,,,4.776323398564947,-0.0429960617031347,,0.18129000544192467,0.32039310932024884,0.3778471990447413
NVDA,"FIGARCH(1,d,1)",ged,12289.648577329292,12324.64304289242,-6138.824288664646,6,2521,0.2899101847395762,1.020639752499318,,,1.1575532563844604,,,,0.11777621294816878,0.3048678479263454,0.2920520424855477
AVGO,"GARCH(1,1)",normal,11154.389145598503,11177.718789307255,-5573.194572799252,4,2521,0.1293322600600575,0.15299891271724966,0.09326722730116065,0.8859237814893673,,,,,,,
AVGO,"GARCH(1,1)",t,10818.763285199435,10847.925339835374,-5404.381642599717,5,2521,0.13877316195649178,0.28383960833055183,0.10888943585966723,0.8444409809144218,4.4488828881358025,,,,,,
AVGO,"GARCH(1,1)",skewt,10819.796570600864,10854.791036163992,-5403.898285300432,6,2521,0.1227114130096796,0.28371704035986656,0.1092508598911513,0.8440412101743485,,4.4597161674865555,-0.026257190315838508,,,,
AVGO,"GARCH(1,1)",ged,10859.970032975616,10889.132087611555,-5424.985016487808,5,2521,0.13511615906835556,0.20972053535900362,0.0957673512921785,0.8675908460886276,1.1529407601823813,,,,,,
AVGO,"GJR-GARCH(1,1)",normal,11154.970101251172,11184.132155887111,-5572.485050625586,5,2521,0.11931491749114331,0.1500436153459446,0.08191355309372968,0.8874692751961506,,,,0.02046867619197332,,,
AVGO,"GJR-GARCH(1,1)",t,10809.18848163963,10844.182947202758,-5398.594240819815,6,2521,0.12063138771683675,0.2258292415404799,0.05465905564201812,0.8671300043673427,4.46005390185917,,,0.08325438159446255,,,
AVGO,"GJR-GARCH(1,1)",skewt,10809.23166719171,10850.058543682026,-5397.615833595855,7,2521,0.0968017913876739,0.22859632010293987,0.054065197342409645,0.8659684153896696,,4.462883869647579,-0.037921317296150676,0.08773024459279606,,,
AVGO,"GJR-GARCH(1,1)",ged,10856.23059780858,10891.225063371709,-5422.11529890429,6,2521,0.12281843916393485,0.1943362393960309,0.06305655436771654,0.8751070194261635,1.1520804848840247,,,0.05583395358161636,,,
AVGO,"EGARCH(1,1)",normal,11164.561737854898,11193.723792490837,-5577.280868927449,5,2521,0.10771262983947014,0.0577985365727491,0.18385614884518414,0.9730298711128947,,,,-0.019758069541575562,,,
AVGO,"EGARCH(1,1)",t,10804.063847485857,10839.058313048985,-5396.0319237429285,6,2521,0.1178314314668815,0.059181510045702365,0.17019051532856236,0.9703505149581372,4.445390618894022,,,-0.057608251663656886,,,
AVGO,"EGARCH(1,1)",skewt,10804.070689394308,10844.897565884623,-5395.035344697154,7,2521,0.09298519855492803,0.06003719030286669,0.17012065665681095,0.9702854503053767,,4.446400571079415,-0.0385333116926385,-0.06096692882700672,,,
AVGO,"EGARCH(1,1)",ged,10853.771885715909,10888.766351279037,-5420.885942857954,6,2521,0.1196912515327958,0.059163691902686485,0.1755176684791854,0.9693757451855279,1.1487318307687957,,,-0.04175280270840728,,,
AVGO,"FIGARCH(1,d,1)",normal,11118.697814440351,11147.85986907629,-5554.3489072201755,5,2521,0.12392703969702773,0.4969727914511624,,,,,,,0.24463518519664698,0.3296923967136565,0.3909417040491784
AVGO,"FIGARCH(1,d,1)",t,10807.792059428932,10842.78652499206,-5397.896029714466,6,2521,0.13565290845893702,0.5947425898827855,,,4.432410557050559,,,,0.154222490181816,0.31106249307784645,0.33154577261632784
AVGO,"FIGARCH(1,d,1)",skewt,10808.76889468617,10849.595771176486,-5397.384447343085,7,2521,0.11899097193613306,0.5860226461333288,,,,4.441786990099286,-0.02719860152533885,,0.15819345340223584,0.31218082066001207,0.3366167716996649
AVGO,"FIGARCH(1,d,1)",ged,10845.407889356025,10880.402354919153,-5416.703944678013,6,2521,0.13202461035039154,0.5239888324169272,,,1.1650777905581786,,,,0.18978761347980724,0.29221285144550774,0.33426552569941803
TSM,"GARCH(1,1)",normal,10581.11710372224,10604.446747430991,-5286.55855186112,4,2521,0.11187848483738647,0.03941408235706026,0.050091004804989826,0.9428413518789533,,,,,,,
TSM,"GARCH(1,1)",t,10405.420042041167,10434.582096677106,-5197.710021020584,5,2521,0.12231324688366364,0.025035592198306138,0.049886877478348725,0.9479480242266525,5.195826129781823,,,,,,
TSM,"GARCH(1,1)",skewt,10407.415943816724,10442.410409379852,-5197.707971908362,6,2521,0.1214205800887546,0.025019583439599615,0.04986058551138365,0.9479711566134202,,5.196396861730201,-0.0017505189761686146,,,,
TSM,"GARCH(1,1)",ged,10421.929201583687,10451.091256219626,-5205.964600791844,5,2521,0.11368244421629696,0.02745642824914832,0.04717023563369099,0.9482462574257273,1.2805685147820522,,,,,,
TSM,"GJR-GARCH(1,1)",normal,10582.933949935305,10612.096004571244,-5286.466974967652,5,2521,0.11404999283160408,0.03953184025062545,0.052495162585892007,0.9426704058886803,,,,-0.004480341622317118,,,
TSM,"GJR-GARCH(1,1)",t,10407.044283784664,10442.038749347792,-5197.522141892332,6,2521,0.119546977707674,0.0253016175257859,0.04633260414576277,0.9474806364667988,5.1977284675938265,,,0.007962123063911726,,,
TSM,"GJR-GARCH(1,1)",skewt,10409.0396228322,10449.866499322516,-5197.5198114161,7,2521,0.11859385725338696,0.025290385695326118,0.046303358853694354,0.9475059505662422,,5.198343636863124,-0.0018680340749550528,0.007968248270643352,,,
TSM,"GJR-GARCH(1,1)",ged,10423.91138717758,10458.905852740709,-5205.95569358879,6,2521,0.1133022171660839,0.027479856577983238,0.046383625317837365,0.9482090394723479,1.2804671186124286,,,0.0016386251456215525,,,
TSM,"EGARCH(1,1)",normal,10575.443525607185,10604.605580243124,-5282.721762803592,5,2521,0.12923193063996058,0.03072055977636543,0.12846973667037906,0.9829079256348366,,,,0.00017087859184299645,,,
TSM,"EGARCH(1,1)",t,10399.735111575043,10434.72957713817,-5193.867555787521,6,2521,0.12309857389324919,0.024194925434233086,0.12703137282478505,0.988191290110357,5.271610823615097,,,-0.014471235656885488,,,
TSM,"EGARCH(1,1)",skewt,10401.727871346586,10442.5547478369,-5193.863935673293,7,2521,0.12426498107137932,0.024188166033225694,0.12706981449742086,0.9881943055230378,,5.271397046871672,0.0023282136380180485,-0.01442265773265056,,,
TSM,"EGARCH(1,1)",ged,10417.958110071106,10452.952575634234,-5202.979055035553,6,2521,0.12017025800951374,0.023967706005981915,0.12236217707852586,0.987157813382811,1.2843922650533481,,,-0.006949615968488681,,,
TSM,"FIGARCH(1,d,1)",normal,10555.686602325357,10584.848656961296,-5272.8433011626785,5,2521,0.10946832861603127,0.47748815254513677,,,,,,,0.18551417480762258,0.2595337667748169,0.3650464305160921
TSM,"FIGARCH(1,d,1)",t,10394.81491475722,10429.809380320348,-5191.40745737861,6,2521,0.12041926738896376,0.5556057555427042,,,5.847761613139468,,,,6.246284849382669e-15,0.2701275698701341,0.18679610799480545
TSM,"FIGARCH(1,d,1)",skewt,10396.79567805901,10437.622554549325,-5191.397839029505,7,2521,0.11876710470470551,0.5556384750465737,,,,5.848873273916638,-0.003719763131362923,,0.0,0.27002657279080156,0.1866683293215578
TSM,"FIGARCH(1,d,1)",ged,10410.32116864836,10445.315634211487,-5199.16058432418,6,2521,0.11305783340629637,0.5504855578974368,,,1.3103908532572976,,,,0.03866012737809539,0.2581568378798502,0.217679757917026
SNPS,"GARCH(1,1)",normal,10664.770403828974,10688.100047537726,-5328.385201914487,4,2521,0.10919563461793183,0.004793493883543573,0.00925744169890928,0.9907607414500241,,,,,,,
SNPS,"GARCH(1,1)",t,9916.352352354239,9945.514406990178,-4953.1761761771195,5,2521,0.16262996470320976,0.03243189502375103,0.078670783399641,0.921329216600359,3.9041618186802425,,,,,,
SNPS,"GARCH(1,1)",skewt,9910.573404357123,9945.56786992025,-4949.286702178561,6,2521,0.1253648635946144,0.03126075455522492,0.07835826208512015,0.9216417379148799,,3.9555965774990183,-0.07355485917553044,,,,
SNPS,"GARCH(1,1)",ged,10014.378128718796,10043.540183354735,-5002.189064359398,5,2521,0.16437153919091385,0.029492576728557506,0.05916986304239272,0.938734184693832,1.0106944581029818,,,,,,
SNPS,"GJR-GARCH(1,1)",normal,10645.366831819505,10674.528886455444,-5317.6834159097525,5,2521,0.12314038148902794,0.0029700768463701795,2.8817038213786737e-08,0.9940508175232521,,,,0.011898349609934283,,,
SNPS,"GJR-GARCH(1,1)",t,9904.131943671673,9939.126409234801,-4946.0659718358365,6,2521,0.15221057233068544,0.028497312846150997,0.03356408171040297,0.9266355293723544,3.8500304125552227,,,0.07960077783475974,,,
SNPS,"GJR-GARCH(1,1)",skewt,9895.116684641891,9935.943561132206,-4940.5583423209455,7,2521,0.10714126438933638,0.028796258491134884,0.029349287071866962,0.928063384513806,,3.9441183526702064,-0.08898001183713143,0.08517465682865406,,,
SNPS,"GJR-GARCH(1,1)",ged,10009.540006885203,10044.534472448331,-4998.770003442602,6,2521,0.15730249644197847,0.03339668276245952,0.03228030299027801,0.935738121062253,1.01,,,0.05458944059870261,,,
SNPS,"EGARCH(1,1)",normal,10521.023537540557,10550.185592176496,-5255.511768770279,5,2521,0.1573772147305506,0.0006398161945054033,-0.012241681189906059,0.998759052166624,,,,-0.037301276315410574,,,
SNPS,"EGARCH(1,1)",t,9870.873824964347,9905.868290527475,-4929.436912482173,6,2521,0.14605648212084346,0.02331380935153304,0.12384633763422291,0.989456745984685,3.9319735958961273,,,-0.04509915064341433,,,
SNPS,"EGARCH(1,1)",skewt,9860.93143843003,9901.758314920346,-4923.465719215015,7,2521,0.09699964189877937,0.024122639407501895,0.1187125881191319,0.9890852230522587,,4.016657124088188,-0.09499579662513911,-0.05151453477236694,,,
SNPS,"EGARCH(1,1)",ged,9969.534102838043,10004.52856840117,-4978.767051419021,6,2521,0.14875441504864276,0.022148307762950317,0.10442007890455288,0.9886840506199215,1.0390113862917285,,,-0.04397645732121719,,,
SNPS,"FIGARCH(1,d,1)",normal,10753.888509027354,10783.050563663293,-5371.944254513677,5,2521,0.11965712369132807,0.405750053444271,,,,,,,0.3584170581981464,0.28316588360370715,0.6064309348197755
SNPS,"FIGARCH(1,d,1)",t,9902.960270438725,9937.954736001853,-4945.480135219363,6,2521,0.15885493637151651,0.17975455721540465,,,4.265984541050444,,,,0.23498024287499383,0.3824088497607467,0.5189873262844135
SNPS,"FIGARCH(1,d,1)",skewt,9896.137413299813,9936.964289790129,-4941.068706649907,7,2521,0.12255249372073523,0.1696985601041042,,,,4.31690786219479,-0.07775293702265595,,0.23565426504108483,0.387973690749553,0.5293440899503894
SNPS,"FIGARCH(1,d,1)",ged,9992.09775699336,10027.092222556488,-4990.04887849668,6,2521,0.16336012979818207,0.23834929265340254,,,1.044529485690987,,,,0.2772528593067353,0.33222834455796557,0.5212667730252364
MSFT,"GARCH(1,1)",normal,9218.898185586235,9242.227829294987,-4605.449092793117,4,2521,0.10429283713599943,0.1304292640701568,0.12060326139307477,0.8339557172557144,,,,,,,
MSFT,"GARCH(1,1)",t,8959.573532402766,8988.735587038705,-4474.786766201383,5,2521,0.1308836171718506,0.07241478565267631,0.12306421606066634,0.8615555140499841,4.582843968713075,,,,,,
MSFT,"GARCH(1,1)",skewt,8958.668792304386,8993.663257867514,-4473.334396152193,6,2521,0.11284334589963314,0.07535071256609382,0.12384159275528951,0.85858143484048,,4.683092450857426,-0.045378073898543494,,,,
MSFT,"GARCH(1,1)",ged,8976.557980152746,9005.720034788685,-4483.278990076373,5,2521,0.10929981553469217,0.08684284468389007,0.11679958632389684,0.8552974379910173,1.1707420055176851,,,,,,
MSFT,"GJR-GARCH(1,1)",normal,9203.30414648836,9232.4662011243,-4596.65207324418,5,2521,0.07644321402300057,0.11775372005941376,0.04895448550213438,0.8573206993166071,,,,0.0994228458797906,,,
MSFT,"GJR-GARCH(1,1)",t,8940.148124974889,8975.142590538017,-4464.074062487444,6,2521,0.1109352252215187,0.07255456009604166,0.03666628900121134,0.8760583093212022,4.5998698215065374,,,0.1324417620743465,,,
MSFT,"GJR-GARCH(1,1)",skewt,8936.401988523054,8977.228865013369,-4461.200994261527,7,2521,0.08374466069837033,0.0782278264245642,0.034370800342133176,0.872362540545632,,4.711011135161835,-0.06483853094954492,0.14215976427104385,,,
MSFT,"GJR-GARCH(1,1)",ged,8960.669914355214,8995.664379918342,-4474.334957177607,6,2521,0.09342469388172682,0.08036988271673974,0.03416051575503296,0.8769448582650831,1.1735255170332821,,,0.11881700388682352,,,
MSFT,"EGARCH(1,1)",normal,9191.900708292495,9221.062762928434,-4590.950354146247,5,2521,0.07468247952557874,0.0442807985415651,0.15338730952375187,0.9585480696275691,,,,-0.07532942451595988,,,
MSFT,"EGARCH(1,1)",t,8920.673153684944,8955.667619248072,-4454.336576842472,6,2521,0.1034691386195097,0.03657278559245685,0.19097749134616118,0.9695160601805002,4.661855355483871,,,-0.09433829370245801,,,
MSFT,"EGARCH(1,1)",skewt,8916.401911709492,8957.228788199807,-4451.200955854746,7,2521,0.07558954578013104,0.03971548058166853,0.18923649856487465,0.9673188789992865,,4.752065147664907,-0.06802082335488437,-0.1017787665815906,,,
MSFT,"EGARCH(1,1)",ged,8945.982433442525,8980.976899005653,-4466.991216721262,6,2521,0.09000458885487546,0.03684346695673148,0.17252440984029196,0.9658705666613006,1.1761045373459345,,,-0.08656955782186576,,,
MSFT,"FIGARCH(1,d,1)",normal,9214.661668723393,9243.823723359332,-4602.330834361696,5,2521,0.10672437622814704,0.26904599849023336,,,,,,,0.0,0.33244705755526416,0.23071405778696735
MSFT,"FIGARCH(1,d,1)",t,8948.976289613986,8983.970755177113,-4468.488144806993,6,2521,0.12959728514483285,0.15452201175442318,,,4.728015126108051,,,,0.07644167181289126,0.4249328763231,0.39510565795343705
MSFT,"FIGARCH(1,d,1)",skewt,8947.5074905632,8988.334367053514,-4466.7537452816,7,2521,0.11061401397080003,0.1532540964380208,,,,4.8204509963641975,-0.049360804192069174,,0.07032832109019099,0.4185468310475563,0.3836942968081954
MSFT,"FIGARCH(1,d,1)",ged,8968.170660840402,9003.16512640353,-4478.085330420201,6,2521,0.10936590462845067,0.17784199532968933,,,1.1713521928063468,,,,0.033540619348298266,0.37761717386503657,0.31111509243130464
AMZN,"GARCH(1,1)",normal,10319.96687971168,10343.296523420431,-5155.98343985584,4,2521,0.14089005595482904,0.30649097890427174,0.17989414573506607,0.7593099605939316,,,,,,,
AMZN,"GARCH(1,1)",t,10034.04629299037,10063.208347626309,-5012.023146495185,5,2521,0.12906856912016723,0.10805705342628655,0.11482288574689503,0.8676388008984014,4.759452462282958,,,,,,
AMZN,"GARCH(1,1)",skewt,10034.413857536974,10069.408323100102,-5011.206928768487,6,2521,0.11283725261443549,0.10611044227877892,0.11295983339128736,0.8693427857990396,,4.787298591452182,-0.034580069193366,,,,
AMZN,"GARCH(1,1)",ged,10073.286501217406,10102.448555853345,-5031.643250608703,5,2521,0.13047481636305772,0.1686273275269475,0.13754973983088847,0.8285768145855212,1.1933298516027429,,,,,,
AMZN,"GJR-GARCH(1,1)",normal,10291.841136105466,10321.003190741405,-5140.920568052733,5,2521,0.09549168457972908,0.25490882312315677,0.06835464592117933,0.7982361748412825,,,,0.16081828249329502,,,
AMZN,"GJR-GARCH(1,1)",t,10016.229432987038,10051.223898550166,-5002.114716493519,6,2521,0.1073535133826759,0.09640874925392187,0.04057119757196364,0.8863401673666448,4.857452096977451,,,0.10902474470815332,,,
AMZN,"GJR-GARCH(1,1)",skewt,10015.04159223846,10055.868468728775,-5000.52079611923,7,2521,0.08397826915312229,0.09545101373846301,0.03827429194216103,0.888390982382185,,4.889606581064493,-0.04896325664476228,0.1111360326884271,,,
AMZN,"GJR-GARCH(1,1)",ged,10056.650746717225,10091.645212280353,-5022.3253733586125,6,2521,0.10913612285324698,0.14880497017095154,0.0527591655119833,0.8514572567289951,1.206945505326254,,,0.12620743785485258,,,
AMZN,"EGARCH(1,1)",normal,10252.619904046815,10281.781958682754,-5121.309952023407,5,2521,0.08374604397147986,0.09050953517160022,0.23849708964043367,0.9389051644520089,,,,-0.09708528134255033,,,
AMZN,"EGARCH(1,1)",t,9989.191860112414,10024.186325675542,-4988.595930056207,6,2521,0.10072670148052275,0.042305241476025914,0.18449800649873807,0.9740043597911182,5.0262015602791275,,,-0.07190751689415023,,,
AMZN,"EGARCH(1,1)",skewt,9988.134319935514,10028.96119642583,-4987.067159967757,7,2521,0.07664658352327304,0.0437352781582215,0.1833205933114007,0.9735435301443828,,5.047054625916862,-0.04827015583310981,-0.0743597214550585,,,
AMZN,"EGARCH(1,1)",ged,10030.265647489014,10065.260113052142,-5009.132823744507,6,2521,0.10253634451545447,0.05475552087017009,0.20038953918486305,0.9633565506848554,1.2238401071780987,,,-0.07831748126416192,,,
AMZN,"FIGARCH(1,d,1)",normal,10321.005299195767,10350.167353831706,-5155.502649597884,5,2521,0.1465505803881746,0.5354510393688924,,,,,,,0.06319764456371836,0.31019336088818855,0.21108957654731006
AMZN,"FIGARCH(1,d,1)",t,10015.82111014763,10050.815575710758,-5001.910555073815,6,2521,0.12985446792018085,0.26588743062545583,,,5.0841834342746335,,,,0.09889717726389476,0.3524544567259668,0.32994346769078575
AMZN,"FIGARCH(1,d,1)",skewt,10016.034173886192,10056.861050376507,-5001.017086943096,7,2521,0.1140102224177268,0.2579498565363519,,,,5.108486123437399,-0.036091936866766115,,0.10937811150412693,0.35191903553961945,0.34012638771887843
AMZN,"FIGARCH(1,d,1)",ged,10060.243583010495,10095.238048573623,-5024.1217915052475,6,2521,0.13186315603335208,0.340727353170476,,,1.1968567370579117,,,,0.06603810736661553,0.33881760015483275,0.27248994010430355
META,"GARCH(1,1)",normal,11302.28838608738,11325.618029796133,-5647.14419304369,4,2521,0.03410234071932238,0.6406067437409672,0.24971049878506638,0.701604626610048,,,,,,,
META,"GARCH(1,1)",t,10445.619674145115,10474.781728781054,-5217.8098370725575,5,2521,0.13785035541263854,0.04522990368468357,0.041203158127422417,0.9519446902229242,3.5595955714799103,,,,,,
META,"GARCH(1,1)",skewt,10447.092071035213,10482.08653659834,-5217.5460355176065,6,2521,0.12475522952546364,0.04492527827958075,0.04072085406449652,0.9521735950755722,,3.5858855900331963,-0.01944517203007376,,,,
META,"GARCH(1,1)",ged,10550.010117387603,10579.172172023542,-5270.005058693801,5,2521,0.10964103332095866,0.026507453326336656,0.025693653368807502,0.9680841514245525,1.01,,,,,,
META,"GJR-GARCH(1,1)",normal,11257.610005257313,11286.772059893252,-5623.805002628656,5,2521,0.09284682584310593,0.020183179182496232,0.0,0.982808352645578,,,,0.02829006858002667,,,
META,"GJR-GARCH(1,1)",t,10420.05591434379,10455.050379906917,-5204.027957171895,6,2521,0.1271135654410838,0.043670507568753326,0.012710086390131548,0.951001843398396,3.663639856658065,,,0.05682594690240181,,,
META,"GJR-GARCH(1,1)",skewt,10421.139356509444,10461.966232999759,-5203.569678254722,7,2521,0.11082683000053418,0.0444405495358011,0.01265033660922335,0.9507427447227544,,3.696720115557223,-0.02568947875434478,0.0571624046244389,,,
META,"GJR-GARCH(1,1)",ged,10526.983485202829,10561.977950765957,-5257.491742601414,6,2521,0.10557743520040372,0.021565014995036418,0.004130073815646526,0.9736877008772133,1.01,,,0.03273583910125575,,,
META,"EGARCH(1,1)",normal,11161.313627349757,11190.475681985696,-5575.656813674878,5,2521,0.03752500252999302,0.012545071165748985,0.041720507361802904,0.9961582286036029,,,,-0.03436280143948219,,,
META,"EGARCH(1,1)",t,10376.48214801398,10411.476613577108,-5182.24107400699,6,2521,0.10594117993544333,0.023854404767467818,0.09461077533014277,0.9891762796838933,3.8054037167403383,,,-0.055373281608654845,,,
META,"EGARCH(1,1)",skewt,10376.823427084022,10417.650303574337,-5181.411713542011,7,2521,0.08356797596796724,0.02464182847675761,0.09337768215469612,0.9888693269501573,,3.841502272304103,-0.03528370062617532,-0.05613888625157261,,,
META,"EGARCH(1,1)",ged,10487.399400978795,10522.393866541923,-5237.699700489397,6,2521,0.08727255084408196,0.018240805534379016,0.07530937279106503,0.9920243309225122,1.0118038803599592,,,-0.046010024381164714,,,
META,"FIGARCH(1,d,1)",normal,11233.794619859826,11262.956674495765,-5611.897309929913,5,2521,0.044120934716165294,0.863956553122021,,,,,,,2.198517948244902e-12,0.32980233481263677,0.2386943859577563
META,"FIGARCH(1,d,1)",t,10412.5848482308,10447.579313793927,-5200.2924241154,6,2521,0.13616313758194457,0.4887394095453194,,,3.852795492387706,,,,0.04514573238762079,0.2762791917195196,0.26322830076920595
META,"FIGARCH(1,d,1)",skewt,10414.095387832156,10454.922264322471,-5200.047693916078,7,2521,0.12502672875376425,0.48318305334278033,,,,3.8714292979977625,-0.018608100906787904,,0.047190843790366914,0.27524713407294976,0.26527083385475664
META,"FIGARCH(1,d,1)",ged,10514.541697999812,10549.53616356294,-5251.270848999906,6,2521,0.1076839849754446,0.5438849449881931,,,1.0100000000000031,,,,3.850383340219981e-17,0.273157314328328,0.21389256669860218
GOOG,"GARCH(1,1)",normal,9806.17377167387,9829.503415382622,-4899.086885836935,4,2521,0.09821638555390942,0.0431158815628971,0.04131990547108967,0.9460313743306987,,,,,,,
GOOG,"GARCH(1,1)",t,9421.363129258367,9450.525183894306,-4705.681564629183,5,2521,0.1440578544677316,0.03109328189673624,0.06942332617119011,0.9290472977606652,3.9120137462713167,,,,,,
GOOG,"GARCH(1,1)",skewt,9417.556349526976,9452.550815090104,-4702.778174763488,6,2521,0.11068218293380214,0.030764599634677703,0.06760699959112298,0.930285560608339,,3.943776782068012,-0.06413731108819634,,,,
GOOG,"GARCH(1,1)",ged,9465.249054724693,9494.411109360632,-4727.624527362346,5,2521,0.13881829743884475,0.036520014487075425,0.056154661183164076,0.9337129206631767,1.1117948935330868,,,,,,
GOOG,"GJR-GARCH(1,1)",normal,9788.341066453606,9817.503121089545,-4889.170533226803,5,2521,0.08568507031888918,0.02661931557295181,0.009072457089384332,0.9637944132800972,,,,0.03687925271735704,,,
GOOG,"GJR-GARCH(1,1)",t,9406.745415808571,9441.739881371699,-4697.372707904286,6,2521,0.13271890692973665,0.036876709085531416,0.029635635142653417,0.9289298236132632,3.913538261731125,,,0.07114032498410519,,,
GOOG,"GJR-GARCH(1,1)",skewt,9401.271180650154,9442.098057140469,-4693.635590325077,7,2521,0.09422970329792679,0.0393020518863498,0.028163764590596566,0.9289066609999529,,3.930021936775032,-0.07338452195926688,0.07423276486589933,,,
GOOG,"GJR-GARCH(1,1)",ged,9454.158395158414,9489.152860721542,-4721.079197579207,6,2521,0.12925223382152964,0.037218892436471106,0.02266427780480953,0.938254468232131,1.1153959696252016,,,0.05309300423027662,,,
GOOG,"EGARCH(1,1)",normal,9750.080195799528,9779.242250435467,-4870.040097899764,5,2521,0.06833800071617409,0.035109157029998825,0.11707607854128098,0.9757417573653618,,,,-0.03372983976737798,,,
GOOG,"EGARCH(1,1)",t,9382.666831551636,9417.661297114764,-4685.333415775818,6,2521,0.12219305879436783,0.030169465147424072,0.15006955636112962,0.9827526777171594,4.015744898190204,,,-0.0661592926621304,,,
GOOG,"EGARCH(1,1)",skewt,9374.45967494239,9415.286551432706,-4680.229837471195,7,2521,0.07905715125988753,0.033520166446640666,0.14747658975317823,0.9811873157478946,,4.020469960602139,-0.08655440912970988,-0.07174048134080308,,,
GOOG,"EGARCH(1,1)",ged,9431.826820206843,9466.821285769971,-4709.9134101034215,6,2521,0.1162014751147604,0.02882518031416308,0.13461699304853947,0.9796349384804118,1.1312967017475164,,,-0.051671553014882944,,,
GOOG,"FIGARCH(1,d,1)",normal,9772.437671593612,9801.599726229551,-4881.218835796806,5,2521,0.10353276720041706,0.3100756459144864,,,,,,,0.2791157649504481,0.25844867120702425,0.47329841212705487
GOOG,"FIGARCH(1,d,1)",t,9410.936246024427,9445.930711587554,-4699.468123012213,6,2521,0.14219561341927744,0.1888697765410522,,,4.247971128773649,,,,0.15638473242451784,0.37240444675106016,0.47268302008410823
GOOG,"FIGARCH(1,d,1)",skewt,9406.087052857994,9446.91392934831,-4696.043526428997,7,2521,0.10958829632019419,0.18977322046450498,,,,4.272341477919551,-0.06866104851828417,,0.153949951645671,0.3683774346074066,0.46918772823821553
GOOG,"FIGARCH(1,d,1)",ged,9450.558033785634,9485.552499348762,-4719.279016892817,6,2521,0.138346002727556,0.21001404265246687,,,1.1306694961486004,,,,0.19746240541255355,0.31343705917205406,0.45360088065076837
AAPL,"GARCH(1,1)",normal,9620.45098183179,9643.780625540541,-4806.225490915895,4,2521,0.15290655415140486,0.14622692060354614,0.10447733719640076,0.8497689581578304,,,,,,,
AAPL,"GARCH(1,1)",t,9354.758075226702,9383.920129862641,-4672.379037613351,5,2521,0.13071414603689666,0.09802916609166262,0.11011331002467041,0.8699006057571547,4.1961413516795245,,,,,,
AAPL,"GARCH(1,1)",skewt,9356.217338670638,9391.211804233766,-4672.108669335319,6,2521,0.12046956573467495,0.09795690167692483,0.10962327800094199,0.8700313333208453,,4.211012079154526,-0.019460649392066744,,,,
AAPL,"GARCH(1,1)",ged,9368.369527717547,9397.531582353486,-4679.184763858773,5,2521,0.11912114403752655,0.11355638339815105,0.10356469122119451,0.8614253398481327,1.1553481017915435,,,,,,
AAPL,"GJR-GARCH(1,1)",normal,9555.61356385435,9584.775618490288,-4772.806781927175,5,2521,0.11172726236767784,0.13994062432754356,0.0204555053313564,0.8556779029078715,,,,0.1612976742001457,,,
AAPL,"GJR-GARCH(1,1)",t,9319.784237680497,9354.778703243624,-4653.892118840248,6,2521,0.11309180728313968,0.1049883124745494,0.030150777377999663,0.8707588035557152,4.424458820800567,,,0.1488703812008728,,,
AAPL,"GJR-GARCH(1,1)",skewt,9320.852943262174,9361.67981975249,-4653.426471631087,7,2521,0.10049807030754355,0.10630326713184861,0.03028357480036398,0.8703992337686726,,4.440691640293619,-0.02562861869522815,0.14958327969641216,,,
AAPL,"GJR-GARCH(1,1)",ged,9331.680192549447,9366.674658112575,-4659.840096274724,6,2521,0.09969720887692886,0.1152902222235421,0.02529114196580264,0.8650460868611277,1.1849937339182712,,,0.14950504315411522,,,
AAPL,"EGARCH(1,1)",normal,9548.204849574857,9577.366904210796,-4769.102424787428,5,2521,0.11222957250768743,0.06017925664390737,0.18496556372970394,0.9488157503061617,,,,-0.11675909039383238,,,
AAPL,"EGARCH(1,1)",t,9312.995403796203,9347.989869359331,-4650.497701898102,6,2521,0.10665432797329905,0.047661474051076055,0.19445180611338087,0.9665701185837915,4.483060519619628,,,-0.09926756689083568,,,
AAPL,"EGARCH(1,1)",skewt,9314.191538268213,9355.018414758528,-4650.095769134106,7,2521,0.09634568960265197,0.04890432593973615,0.19459796704787202,0.9659520467470228,,4.49242443498211,-0.02354846890164757,-0.09969662045505927,,,
AAPL,"EGARCH(1,1)",ged,9326.145943924254,9361.140409487381,-4657.072971962127,6,2521,0.09612724445478557,0.05006349281708237,0.18658006358210158,0.959270037809183,1.1881569310445732,,,-0.10563544522818939,,,
AAPL,"FIGARCH(1,d,1)",normal,9628.598042729333,9657.760097365272,-4809.299021364666,5,2521,0.146323008809391,0.2559041262230544,,,,,,,0.26244459920114105,0.3118319481313848,0.44476259730694384
AAPL,"FIGARCH(1,d,1)",t,9344.933091981107,9379.927557544235,-4666.466545990554,6,2521,0.13119294589784455,0.1730463515794085,,,4.2776512763123185,,,,0.3016571743605497,0.39668565127880623,0.548140912119113
AAPL,"FIGARCH(1,d,1)",skewt,9346.12494308453,9386.951819574844,-4666.062471542265,7,2521,0.11897428148518971,0.1712488266852007,,,,4.295848452422429,-0.023841525712185695,,0.30299406550387575,0.3940118689922485,0.5481192647539497
AAPL,"FIGARCH(1,d,1)",ged,9364.185301766203,9399.179767329331,-4676.092650883102,6,2521,0.1171391798876258,0.16885814591133244,,,1.1471098398475308,,,,0.3106966185543137,0.3495748049436333,0.5184788222814862
CRM,"GARCH(1,1)",normal,10686.901235837144,10710.230879545896,-5339.450617918572,4,2521,0.1076503532550536,0.23503160448650146,0.15457061622872784,0.816812644833417,,,,,,,
CRM,"GARCH(1,1)",t,10201.900137136417,10231.062191772357,-5095.950068568209,5,2521,0.12177242845877692,0.05933584430792284,0.07426013416046282,0.9192220761120189,4.11207254459124,,,,,,
CRM,"GARCH(1,1)",skewt,10200.692638223414,10235.687103786542,-5094.346319111707,6,2521,0.0948037146742896,0.06229809903743015,0.07472933962057486,0.9173805210075174,,4.1772097123543475,-0.047390670916473976,,,,
CRM,"GARCH(1,1)",ged,10252.761630078296,10281.923684714235,-5121.380815039148,5,2521,0.11139111691410085,0.08432369079684529,0.0830865171894515,0.9026879887291435,1.0886629498914728,,,,,,
CRM,"GJR-GARCH(1,1)",normal,10682.171073852402,10711.33312848834,-5336.085536926201,5,2521,0.0873721641903783,0.20052836044474356,0.1007666231982908,0.8385995745022616,,,,0.06874427658697056,,,
CRM,"GJR-GARCH(1,1)",t,10187.462178113561,10222.456643676689,-5087.731089056781,6,2521,0.10768274014739977,0.05639348039730516,0.026773160038253124,0.9282642092880237,4.196152863577789,,,0.06945104818615212,,,
CRM,"GJR-GARCH(1,1)",skewt,10184.76426820594,10225.591144696255,-5085.38213410297,7,2521,0.07513270095564416,0.05974581936275013,0.025366174054419956,0.927554376400818,,4.265318880562958,-0.05759979651133342,0.07228452985475144,,,
CRM,"GJR-GARCH(1,1)",ged,10241.315218778214,10276.309684341342,-5114.657609389107,6,2521,0.0999939231595444,0.06655024005005458,0.027253777287443347,0.9238384973370432,1.0931721665341543,,,0.06891710582436396,,,
CRM,"EGARCH(1,1)",normal,10625.273227868844,10654.435282504783,-5307.636613934422,5,2521,0.0499435727967763,0.05081694763086382,0.1431020345509016,0.9735126478123834,,,,-0.06152964385840253,,,
CRM,"EGARCH(1,1)",t,10155.542125791146,10190.536591354274,-5071.771062895573,6,2521,0.09599732662729732,0.029943751360240443,0.1315767539195541,0.9844645301166159,4.32249900946888,,,-0.05949120802598867,,,
CRM,"EGARCH(1,1)",skewt,10151.506133941322,10192.333010431637,-5068.753066970661,7,2521,0.05902558655979052,0.03255095949310339,0.13052407286162598,0.9830484838149333,,4.393039398422039,-0.06625096890942626,-0.0633952165859124,,,
CRM,"EGARCH(1,1)",ged,10211.707844160272,10246.7023097234,-5099.853922080136,6,2521,0.08809763367955231,0.03377485035924629,0.13090752654743706,0.9809562110842144,1.1100719156776135,,,-0.05986723430762409,,,
CRM,"FIGARCH(1,d,1)",normal,10637.413477602999,10666.575532238938,-5313.706738801499,5,2521,0.09752144073784677,0.4165195568673853,,,,,,,0.3182053441063546,0.3091343872956976,0.447702607209869
CRM,"FIGARCH(1,d,1)",t,10181.406863300155,10216.401328863283,-5084.703431650078,6,2521,0.12355228829371719,0.23999788815254938,,,4.437095468069629,,,,0.2824660716156767,0.3525862595138784,0.5045080694199023
CRM,"FIGARCH(1,d,1)",skewt,10179.684967615402,10220.511844105717,-5082.842483807701,7,2521,0.09697377646260577,0.24084115592456629,,,,4.485084984394021,-0.05079272810119135,,0.2832308081023935,0.3474416123521564,0.5008761657283481
CRM,"FIGARCH(1,d,1)",ged,10230.589408931552,10265.58387449468,-5109.294704465776,6,2521,0.1122102962830482,0.2801878795464498,,,1.1122371465081629,,,,0.2843906457137726,0.3240202959215285,0.4678921938757365
NOW,"GARCH(1,1)",normal,11485.637793145765,11508.967436854517,-5738.818896572882,4,2521,0.12346669531118423,0.21269292525685382,0.05588506448735887,0.9095749134792468,,,,,,,
NOW,"GARCH(1,1)",t,11134.925261124516,11164.087315760455,-5562.462630562258,5,2521,0.19712930362017314,0.1289106124125689,0.0697032333675079,0.9164107446847141,3.9681073604300163,,,,,,
NOW,"GARCH(1,1)",skewt,11125.927992189108,11160.922457752236,-5556.963996094554,6,2521,0.12911478144439628,0.1288748368087757,0.06726277654837336,0.9175895165663787,,4.039993466515034,-0.08885798312421174,,,,
NOW,"GARCH(1,1)",ged,11170.395523998857,11199.557578634796,-5580.197761999429,5,2521,0.20301846952168995,0.14659792708304026,0.06060247519943394,0.9156153556346139,1.117535916361049,,,,,,
NOW,"GJR-GARCH(1,1)",normal,11444.498937741542,11473.660992377481,-5717.249468870771,5,2521,0.08716430762373317,0.15106517779230405,1.3656810314864006e-11,0.9355897574907638,,,,0.07594267529750966,,,
NOW,"GJR-GARCH(1,1)",t,11109.06818589912,11144.062651462247,-5548.53409294956,6,2521,0.17210022445780193,0.10335375972190604,0.0014563414201802548,0.9347221228058002,4.131627153866947,,,0.09432650677608403,,,
NOW,"GJR-GARCH(1,1)",skewt,11093.570913396514,11134.397789886829,-5539.785456698257,7,2521,0.08717986188242843,0.11135932496998197,2.1388455566524813e-13,0.934453509575857,,4.218325948685007,-0.11298106684407827,0.09887791270945698,,,
NOW,"GJR-GARCH(1,1)",ged,11146.586725283876,11181.581190847004,-5567.293362641938,6,2521,0.18292927871525308,0.11245641217601435,1.0081261856137456e-19,0.9360196464934304,1.134519297593064,,,0.08300292554806935,,,
NOW,"EGARCH(1,1)",normal,11404.414380164468,11433.576434800407,-5697.207190082234,5,2521,0.0705735303147473,0.051167492187884994,0.07292322519735271,0.9731099244459132,,,,-0.0786960853288861,,,
NOW,"EGARCH(1,1)",t,11081.862365263876,11116.856830827004,-5534.931182631938,6,2521,0.1704282974650671,0.03903816180947936,0.10483319183181392,0.9802727906540681,4.219112760714809,,,-0.08483633790440326,,,
NOW,"EGARCH(1,1)",skewt,11066.413887484461,11107.240763974776,-5526.206943742231,7,2521,0.0882656534802106,0.044196503111247044,0.09786885784744295,0.9784212468475416,,4.314735571338997,-0.11406440831761408,-0.09189383662340334,,,
NOW,"EGARCH(1,1)",ged,11121.734645076642,11156.72911063977,-5554.867322538321,6,2521,0.17836744629984905,0.03914877797898081,0.09131316769081553,0.9780859318449711,1.1481881789758577,,,-0.07881793876316281,,,
NOW,"FIGARCH(1,d,1)",normal,11477.077223438799,11506.239278074738,-5733.538611719399,5,2521,0.13290000184384232,0.8684917701401494,,,,,,,0.287072914297611,0.22030093949228846,0.3816349132478636
NOW,"FIGARCH(1,d,1)",t,11130.879527852185,11165.873993415313,-5559.439763926092,6,2521,0.19655775606499043,0.40389346713572255,,,4.055521974310503,,,,0.23829340325852788,0.39055234444400705,0.5471931121120007
NOW,"FIGARCH(1,d,1)",skewt,11121.9193968299,11162.746273320216,-5553.95969841495,7,2521,0.13047799134094562,0.4095573480074574,,,,4.103436212646763,-0.08852794697098694,,0.23435325115358066,0.37954454867085424,0.5367943914203583
NOW,"FIGARCH(1,d,1)",ged,11166.879268670842,11201.87373423397,-5577.439634335421,6,2521,0.20357355577084726,0.44661712347542465,,,1.1211325168698076,,,,0.2792721537877516,0.3038744237646303,0.4879783998163361
PLTR,"GARCH(1,1)",normal,7828.766502937946,7849.645071098469,-3910.383251468973,4,1366,0.19211092368937546,2.7219682672345984,0.08584132556243179,0.7709111933191986,,,,,,,
PLTR,"GARCH(1,1)",t,7594.472635184633,7620.570845385287,-3792.2363175923165,5,1366,0.11611536838175836,0.7180727784130825,0.06624805988311752,0.900806673553221,3.865713326364285,,,,,,
PLTR,"GARCH(1,1)",skewt,7595.574146028217,7626.891998269001,-3791.7870730141085,6,1366,0.16713241330503015,0.7163929227199339,0.0654617896772762,0.9017224699287691,,3.859262445017458,0.03529272087368266,,,,
PLTR,"GARCH(1,1)",ged,7627.875132938553,7653.973343139207,-3808.9375664692766,5,1366,0.10580462862985908,1.109417512497696,0.06704489981064267,0.8714950127148301,1.0972728258789726,,,,,,
PLTR,"GJR-GARCH(1,1)",normal,7830.721648941243,7856.819859141897,-3910.3608244706215,5,1366,0.19015561125526664,2.7477364123105232,0.08374933025276779,0.768564930651547,,,,0.0066609582201043365,,,
PLTR,"GJR-GARCH(1,1)",t,7596.434189173255,7627.752041414039,-3792.2170945866274,6,1366,0.11471012699283717,0.7023242688929069,0.06385903846788635,0.9018015703367516,3.8620303693482216,,,0.004901636249228269,,,
PLTR,"GJR-GARCH(1,1)",skewt,7597.532969988635,7634.07046426955,-3791.7664849943176,7,1366,0.16584742893017745,0.6989171971408799,0.06292934696580745,0.902843503183328,,3.8556057033403786,0.035364923643245914,0.005021669950240154,,,
PLTR,"GJR-GARCH(1,1)",ged,7629.862392068396,7661.18024430918,-3808.931196034198,6,1366,0.10415447502151946,1.114010416981873,0.06607891711957925,0.8707546945001817,1.0971969332276028,,,0.003258911287231677,,,
PLTR,"EGARCH(1,1)",normal,7816.639301431867,7842.737511632521,-3903.3196507159337,5,1366,0.18751579293281945,0.33314143856409056,0.19374387691271497,0.8900031721857458,,,,-0.012310110751113839,,,
PLTR,"EGARCH(1,1)",t,7590.95271373716,7622.270565977944,-3789.47635686858,6,1366,0.13645789117760151,0.11004591524894594,0.16430826381352423,0.966894643898409,3.9448293896286635,,,-0.005780207549385491,,,
PLTR,"EGARCH(1,1)",skewt,7591.452627828838,7627.9901221097525,-3788.726313914419,7,1366,0.19613546210521005,0.1073310835087703,0.1604832075557506,0.9678062208305326,,3.9297330824498884,0.04509795850837135,-0.00537524713828095,,,
PLTR,"EGARCH(1,1)",ged,7623.200676683851,7654.518528924636,-3805.6003383419256,6,1366,0.11932588105672605,0.1711011736606617,0.17290642393701858,0.9439810977012426,1.1074229598793175,,,-0.010447488096117568,,,
SAP,"GARCH(1,1)",normal,9769.593896517363,9792.923540226115,-4880.796948258681,4,2521,0.07831261985330282,0.11054268994225067,0.0802197262465605,0.8949018223004207,,,,,,,
SAP,"GARCH(1,1)",t,9123.498310311184,9152.660364947124,-4556.749155155592,5,2521,0.08898150218837124,0.09206538432527024,0.07832453176073625,0.8934873962392033,4.105308023844272,,,,,,
SAP,"GARCH(1,1)",skewt,9116.620971476314,9151.615437039442,-4552.310485738157,6,2521,0.05121348001125652,0.09270484007421528,0.07890580571436907,0.8923905764589555,,4.1449486707985335,-0.08152312218131956,,,,
SAP,"GARCH(1,1)",ged,9214.36732640424,9243.52938104018,-4602.18366320212,5,2521,0.09874227342494465,0.09688325885612946,0.07680344862838455,0.8917198669771961,1.0766848296121925,,,,,,
SAP,"GJR-GARCH(1,1)",normal,9704.76125461586,9733.923309251799,-4847.38062730793,5,2521,0.06583833125984591,0.07563335558597302,0.0013445851776460972,0.9118423142589231,,,,0.14288853758516867,,,
SAP,"GJR-GARCH(1,1)",t,9111.048854679866,9146.043320242994,-4549.524427339933,6,2521,0.08095414891146711,0.08131956907682164,0.027850262313003128,0.902971991860404,4.195775823198912,,,0.08261145601375586,,,
SAP,"GJR-GARCH(1,1)",skewt,9102.280878263491,9143.107754753806,-4544.140439131746,7,2521,0.03987879747127438,0.0847999291058878,0.02798448304430741,0.900248906332012,,4.227461813433711,-0.09025888055254973,0.08873536609360054,,,
SAP,"GJR-GARCH(1,1)",ged,9200.37150288798,9235.365968451108,-4594.18575144399,6,2521,0.08833021319699313,0.08161471332604592,0.020800491969505373,0.9042297923437242,1.090324179283364,,,0.09138726276365229,,,
SAP,"EGARCH(1,1)",normal,9599.12934677241,9628.291401408349,-4794.564673386205,5,2521,0.02291737883921021,0.03375646994811343,0.10125894698574527,0.976786596348342,,,,-0.09786302643852143,,,
SAP,"EGARCH(1,1)",t,9068.174075523944,9103.168541087072,-4528.087037761972,6,2521,0.07462256318477098,0.027275090298710534,0.11614184856509858,0.9774313397222413,4.3643634321365985,,,-0.06528302851513114,,,
SAP,"EGARCH(1,1)",skewt,9058.701398476995,9099.52827496731,-4522.350699238497,7,2521,0.0339140201402411,0.03021790236048471,0.11638784492301313,0.9760991242476043,,4.398566096349855,-0.09419954837014734,-0.07070755335333377,,,
SAP,"EGARCH(1,1)",ged,9155.719335407217,9190.713800970345,-4571.8596677036085,6,2521,0.073235462343659,0.0268814393627703,0.11072412881309662,0.977151040148132,1.1173389440239807,,,-0.07116077756589011,,,
SAP,"FIGARCH(1,d,1)",normal,9710.951638400586,9740.113693036525,-4850.475819200293,5,2521,0.07528363156028857,0.484754795605228,,,,,,,0.009873451185830466,0.2803554776348688,0.2902289288206993
SAP,"FIGARCH(1,d,1)",t,9106.366873262548,9141.361338825676,-4547.183436631274,6,2521,0.08986923594651279,0.26306979179291246,,,4.24592390367304,,,,0.25020242072066484,0.2691107471837207,0.4578509510054906
SAP,"FIGARCH(1,d,1)",skewt,9099.137916664171,9139.964793154486,-4542.5689583320855,7,2521,0.05281641603326756,0.252350075723209,,,,4.282494535952162,-0.08338643241112471,,0.2557141956765058,0.27304842983708777,0.46851055225816446
SAP,"FIGARCH(1,d,1)",ged,9196.000655094469,9230.995120657597,-4592.0003275472345,6,2521,0.09657618147071687,0.31856096099212045,,,1.0928734526964132,,,,0.1538062694337799,0.25705573613124993,0.3700378012253923
PANW,"GARCH(1,1)",normal,11652.542347149214,11675.871990857966,-5822.271173574607,4,2521,0.09034439522455567,1.1458914996329637,0.027252369453949696,0.7826764961970408,,,,,,,
PANW,"GARCH(1,1)",t,10763.014401788078,10792.176456424017,-5376.507200894039,5,2521,0.16007599232905206,1.1136017116278774,0.12370463644590651,0.6869291101199878,3.5024494318692447,,,,,,
PANW,"GARCH(1,1)",skewt,10756.352441701965,10791.346907265093,-5372.176220850983,6,2521,0.0949478351729379,1.1204733070370407,0.12404353176830961,0.6839367085708812,,3.5386073202289015,-0.083247848262636,,,,
PANW,"GARCH(1,1)",ged,10896.96526831057,10926.12732294651,-5443.482634155285,5,2521,0.1625149828709048,1.051849362903759,0.08138173695315622,0.7165407725465324,1.0100000000000187,,,,,,
PANW,"GJR-GARCH(1,1)",normal,11617.467089046604,11646.629143682543,-5803.733544523302,5,2521,0.07503625736983134,1.5791735600788797,0.0,0.6850708690795587,,,,0.10692065619059664,,,
PANW,"GJR-GARCH(1,1)",t,10745.417089308054,10780.411554871182,-5366.708544654027,6,2521,0.1488613304863351,0.9429227714925236,0.020116742056803735,0.7238488561038005,3.617263872594336,,,0.1727605300488636,,,
PANW,"GJR-GARCH(1,1)",skewt,10736.890223626173,10777.717100116488,-5361.445111813086,7,2521,0.0801389879964976,0.9539233248448508,0.018762010574793892,0.7227617324693528,,3.6478731369949977,-0.09192162592551326,0.18070653674533288,,,
PANW,"GJR-GARCH(1,1)",ged,10877.536845968843,10912.531311531971,-5432.768422984422,6,2521,0.1527475940263707,0.9303852153795528,0.0013385656885569715,0.7429393832588839,1.012934298945525,,,0.14748765010491643,,,
PANW,"EGARCH(1,1)",normal,11580.918732548911,11610.08078718485,-5785.4593662744555,5,2521,0.07724640908306268,0.3172470811200045,0.028851359281009695,0.8209946213015197,,,,-0.14614537344513695,,,
PANW,"EGARCH(1,1)",t,10722.64206092656,10757.636526489689,-5355.32103046328,6,2521,0.14177891166998638,0.10591967046473577,0.1152256502785408,0.9402678106582129,3.6350494704109924,,,-0.06495593129526282,,,
PANW,"EGARCH(1,1)",skewt,10712.740117028156,10753.56699351847,-5349.370058514078,7,2521,0.06686055491163066,0.10307160066151054,0.11146946005317186,0.9432117657067005,,3.6624358617888224,-0.09938219016648128,-0.06645029869187492,,,
PANW,"EGARCH(1,1)",ged,10863.17041789071,10898.164883453837,-5425.585208945355,6,2521,0.1437063830229199,0.15691546232345863,0.10467694319236717,0.9059818519822789,1.0138075174107217,,,-0.08577900501439961,,,
PANW,"FIGARCH(1,d,1)",normal,11658.694552841918,11687.856607477857,-5824.347276420959,5,2521,0.09088772389849381,3.024172392950451,,,,,,,0.5,0.0,0.4461405919499065
PANW,"FIGARCH(1,d,1)",t,10763.650502447155,10798.644968010283,-5375.825251223578,6,2521,0.16262767140598874,1.4631104208214862,,,3.48443112119911,,,,0.44847902020252123,0.10304195959496025,0.3899282036093627
PANW,"FIGARCH(1,d,1)",skewt,10757.526157774872,10798.353034265187,-5371.763078887436,7,2521,0.09895617275390928,1.456423010878842,,,,3.523588265864433,-0.08101385504516213,,0.4494394286420487,0.10112114271598155,0.3929308120205921
PANW,"FIGARCH(1,d,1)",ged,10901.041162862966,10936.035628426094,-5444.520581431483,6,2521,0.1625143133341346,1.799094434204687,,,1.01,,,,0.47412104390108417,0.051757912197832705,0.40707171531580705
CRWD,"GARCH(1,1)",normal,8900.370208158762,8922.11196023802,-4446.185104079381,4,1695,0.1722748290950263,0.9508773472660711,0.09083497142254092,0.8281360362668646,,,,,,,
CRWD,"GARCH(1,1)",t,8781.3569803877,8808.534170486773,-4385.67849019385,5,1695,0.1912532590495621,0.43340804252169146,0.06901055961497835,0.8964222563426589,5.0623107909864045,,,,,,
CRWD,"GARCH(1,1)",skewt,8779.391138920304,8812.003767039192,-4383.695569460152,6,1695,0.12991211024931548,0.4037728148026308,0.06705092164926113,0.9006390789192907,,5.0771207181809155,-0.0668233690166424,,,,
CRWD,"GARCH(1,1)",ged,8793.73732149988,8820.914511598954,-4391.86866074994,5,1695,0.20083978541204597,0.6429412699358455,0.07974939757035364,0.8645660417508704,1.2736103598908708,,,,,,
CRWD,"GJR-GARCH(1,1)",normal,8862.461725834972,8889.638915934045,-4426.230862917486,5,1695,0.09503266276856934,0.45759350349112027,0.0,0.9101781285358935,,,,0.09786691881626082,,,
CRWD,"GJR-GARCH(1,1)",t,8755.154185878593,8787.766813997481,-4371.577092939297,6,1695,0.14476392457504172,0.2932103474414165,0.00011413235438382613,0.926662899224241,5.460322232118369,,,0.09456431848126898,,,
CRWD,"GJR-GARCH(1,1)",skewt,8752.526183741988,8790.574249880689,-4369.263091870994,7,1695,0.08426491424021287,0.2840588206645177,0.00011351073972935263,0.9289396674828307,,5.435019790120137,-0.07240993591262565,0.09427258891617611,,,
CRWD,"GJR-GARCH(1,1)",ged,8768.535627397974,8801.148255516862,-4378.267813698987,6,1695,0.15686766179446518,0.3340803129838061,1.1697018437429735e-18,0.9223534097620945,1.3065381897227033,,,0.09221228205157567,,,
CRWD,"EGARCH(1,1)",normal,8862.942112488869,8890.119302587942,-4426.471056244434,5,1695,0.08798095859728444,0.10843898678284665,0.10172599947937479,0.9564211413760931,,,,-0.08800018394545377,,,
CRWD,"EGARCH(1,1)",t,8750.327014441638,8782.939642560526,-4369.163507220819,6,1695,0.12998150954746712,0.07860372032620433,0.11618917744677468,0.9689635998630051,5.443202885833309,,,-0.08865235404649768,,,
CRWD,"EGARCH(1,1)",skewt,8747.695803048864,8785.743869187565,-4366.847901524432,7,1695,0.06970152907527943,0.08068482507847845,0.11763992432466679,0.9689339818901131,,5.385674415902926,-0.07290975291291969,-0.08899562149966238,,,
CRWD,"EGARCH(1,1)",ged,8766.361194642051,8798.97382276094,-4377.180597321026,6,1695,0.14945734684438455,0.08608282107687916,0.10813579866064361,0.9649004923225385,1.3037713827078095,,,-0.08603234356158575,,,
DDOG,"GARCH(1,1)",normal,8762.222358074276,8783.797871234707,-4377.111179037138,4,1626,0.14958066668946,1.584404641069499,0.11539174089535849,0.774171338834591,,,,,,,
DDOG,"GARCH(1,1)",t,8509.219300209275,8536.188691659814,-4249.609650104638,5,1626,0.10222792713302466,0.04164820127871169,0.024711567195045202,0.9729225753658266,4.024009218523607,,,,,,
DDOG,"GARCH(1,1)",skewt,8510.94851379273,8543.311783533376,-4249.474256896365,6,1626,0.08152361395130948,0.04068213559397719,0.02431458279491401,0.9733680014259493,,4.01690432637682,-0.01771682665018682,,,,
DDOG,"GARCH(1,1)",ged,8545.758174178696,8572.727565629235,-4267.879087089348,5,1626,0.11502614092011977,0.8376910806661417,0.10486787009083341,0.8359850717455994,1.1233362156238047,,,,,,
DDOG,"GJR-GARCH(1,1)",normal,8749.670493400943,8776.639884851482,-4369.8352467004715,5,1626,0.10089783665563389,1.4259367371243712,0.039649881823064614,0.8016107564805884,,,,0.11553805676790695,,,
DDOG,"GJR-GARCH(1,1)",t,8489.935385503253,8522.2986552439,-4238.967692751627,6,1626,0.09331071883794312,0.10054715088252336,0.0013552257498875707,0.96380606371851,4.175013094189719,,,0.058619555988687566,,,
DDOG,"GJR-GARCH(1,1)",skewt,8491.327466342225,8529.08461437298,-4238.663733171113,7,1626,0.06343802656619484,0.10036540113880531,0.001006972916602406,0.9644896467844811,,4.168201631980362,-0.02678004746295064,0.05860486859759831,,,
DDOG,"GJR-GARCH(1,1)",ged,8526.46589724817,8558.829166988817,-4257.232948624085,6,1626,0.0879650791627795,0.1272171854628249,8.806662152910725e-15,0.9652187988886263,1.1360787679758455,,,0.050366848039964496,,,
DDOG,"EGARCH(1,1)",normal,8724.997814493407,8751.967205943945,-4357.498907246703,5,1626,0.10043512297784256,0.24019008844006212,0.18578253888926372,0.9105758589747298,,,,-0.05287695856391046,,,
DDOG,"EGARCH(1,1)",t,8465.836702919101,8498.199972659748,-4226.918351459551,6,1626,0.10346646188969796,0.03556634942068461,0.10118283400826414,0.9887637090803765,4.197181155401479,,,-0.04273225363896084,,,
DDOG,"EGARCH(1,1)",skewt,8467.613255602622,8505.370403633377,-4226.806627801311,7,1626,0.0875038782459121,0.03571722970588617,0.10013702889310198,0.9887486583310767,,4.195522200173167,-0.01635659921583644,-0.04314227702305978,,,
DDOG,"EGARCH(1,1)",ged,8511.313574372514,8543.67684411316,-4249.656787186257,6,1626,0.09192536521936423,0.04759971559411387,0.0897250024088805,0.9831168186192366,1.1368458209854966,,,-0.03824956229360216,,,
XYZ,"GARCH(1,1)",normal,1542.7593731566435,1557.3833403999229,-767.3796865783218,4,286,-0.14660694069211314,0.07530451493765035,7.023951756579584e-10,0.9925437881304743,,,,,,,
XYZ,"GARCH(1,1)",t,1459.2005605746747,1477.480519628774,-724.6002802873373,5,286,0.1163000822859902,1.5086526568293,0.058295295803422645,0.8533971574208209,2.8496852416518808,,,,,,
XYZ,"GARCH(1,1)",skewt,1454.4968992516237,1476.4328501165428,-721.2484496258119,6,286,-0.2003512072069744,1.475483240613322,0.056546921860067274,0.8621715710742686,,2.8432648362130712,-0.19712691674825006,,,,
XYZ,"GARCH(1,1)",ged,1466.273134262321,1484.5530933164202,-728.1365671311605,5,286,0.05848550212434234,0.7347016778664466,0.021794415635860747,0.9095896867057583,1.01,,,,,,
XYZ,"GJR-GARCH(1,1)",normal,1543.8761442697687,1562.156103323868,-766.9380721348844,5,286,-0.16995435270248987,0.22029070280711538,0.0,0.9706398480524618,,,,0.01763185780484606,,,
XYZ,"GJR-GARCH(1,1)",t,1457.5140392531434,1479.4499901180625,-722.7570196265717,6,286,0.09313135600747588,1.3236635689895901,0.0,0.8484782111809954,2.9178467864648665,,,0.12515362883166226,,,
XYZ,"GJR-GARCH(1,1)",skewt,1452.278439930154,1477.870382605893,-719.139219965077,7,286,-0.21142220478816215,1.3266440306642067,0.0,0.8547686405224477,,2.9391536287560673,-0.20298454918165562,0.1326032354364239,,,
XYZ,"GJR-GARCH(1,1)",ged,1465.8577605043258,1487.7937113692449,-726.9288802521629,6,286,0.03741609931429945,0.673574702582086,0.0,0.9079797194388352,1.0100000000004348,,,0.046571981931140115,,,
XYZ,"EGARCH(1,1)",normal,1489.770651429946,1508.0506104840451,-739.885325714973,5,286,-0.3479340634442147,0.08528966973132893,-0.18164176170572371,0.9589254356288908,,,,-0.12954508938719453,,,
XYZ,"EGARCH(1,1)",t,4810.951003180435,4832.886954045354,-2399.4755015902174,6,286,1.6741135864191563,-0.18113717588961956,-11.000195921214141,0.6394664811770673,2.7574317639482135,,,-7.288632297274491,,,
XYZ,"EGARCH(1,1)",skewt,4018.06181686766,4043.6537595433992,-2002.03090843383,7,286,-296.8713808058465,11.751774668012347,-24.71471298434348,0.999963959405642,,2.0500000025853478,-0.9999993692512208,-14.270173666315076,,,
XYZ,"EGARCH(1,1)",ged,1443.9726072043716,1465.9085580692906,-715.9863036021858,6,286,0.09431185214376826,0.05250957672546909,-0.1595159590247083,0.9679536869295684,1.0101567245801222,,,-0.09584693268678962,,,
ANET,"GARCH(1,1)",normal,12296.564147765392,12319.893791474144,-6144.282073882696,4,2521,0.130801201720929,2.0269668837399983,0.09246709747643717,0.6580711192962955,,,,,,,
ANET,"GARCH(1,1)",t,11531.905316155675,11561.067370791614,-5760.952658077837,5,2521,0.21475908758424844,1.2313219082000368,0.18344770241795363,0.7031121926156935,3.2203969392680536,,,,,,
ANET,"GARCH(1,1)",skewt,11529.821707883057,11564.816173446185,-5758.910853941528,6,2521,0.16140283709166814,1.2423061474001365,0.18083344311873198,0.7017170421438843,,3.241891190816056,-0.05112860978721631,,,,
ANET,"GARCH(1,1)",ged,11600.054859018412,11629.21691365435,-5795.027429509206,5,2521,0.21032629685222057,1.328262933724267,0.13563763314782906,0.6804785822460062,1.0100000000254836,,,,,,
ANET,"GJR-GARCH(1,1)",normal,12295.44617999458,12324.60823463052,-6142.72308999729,5,2521,0.12037766655319436,1.9880192957802107,0.0474105225272861,0.6720232234840903,,,,0.06498442056374877,,,
ANET,"GJR-GARCH(1,1)",t,11522.198255904146,11557.192721467274,-5755.099127952073,6,2521,0.20541784644824396,0.9640323122275501,0.050473049809944194,0.7668396946754401,3.237470685396035,,,0.16853224402591874,,,
ANET,"GJR-GARCH(1,1)",skewt,11518.6555334177,11559.482409908014,-5752.32776670885,7,2521,0.14245500867140248,1.0140120552163732,0.05023064995989643,0.7584697335134538,,3.256334041789561,-0.06026490314048033,0.1789299630008466,,,
ANET,"GJR-GARCH(1,1)",ged,11595.873018018405,11630.867483581533,-5791.936509009202,6,2521,0.20745054721592798,1.221832692838913,0.0547990905818308,0.7120396306169421,1.0100000000008482,,,0.11654762438300316,,,
ANET,"EGARCH(1,1)",normal,12264.725519798012,12293.887574433951,-6127.362759899006,5,2521,0.11824563694413041,0.28074644878353,0.14881309657951802,0.8711091887024616,,,,-0.02676566140353527,,,
ANET,"EGARCH(1,1)",t,11456.418205646063,11491.412671209191,-5722.209102823032,6,2521,0.1937883157353298,0.043519212450824095,0.09948920416906674,0.9834506600424509,3.3416484629395224,,,-0.05761862928253709,,,
ANET,"EGARCH(1,1)",skewt,11452.459556433896,11493.286432924211,-5719.229778216948,7,2521,0.1295247167775857,0.047332368885372844,0.09822419747975383,0.9821516198678535,,3.3547590665701597,-0.06443778887525489,-0.061524119119508905,,,
ANET,"EGARCH(1,1)",ged,11552.429048291953,11587.423513855081,-5770.214524145977,6,2521,0.20317909024835623,0.06012137474755445,0.09379936280062813,0.971623346707359,1.010000000000062,,,-0.05051213413547712,,,
ANET,"FIGARCH(1,d,1)",normal,12325.237222725596,12354.399277361535,-6157.618611362798,5,2521,0.1346993625916092,4.939101307825143,,,,,,,0.0,0.06294310910628592,0.017252476402015736
ANET,"FIGARCH(1,d,1)",t,11526.610113844308,11561.604579407436,-5757.305056922154,6,2521,0.21045674778177237,1.6380538913515437,,,3.143133996014861,,,,5.037404407060862e-16,0.3461330539821493,0.20962555134725666
ANET,"FIGARCH(1,d,1)",skewt,11524.644634999342,11565.471511489657,-5755.322317499671,7,2521,0.15637348796906936,1.6389893258570198,,,,3.1604408579012784,-0.050653613610409313,,4.556392151472083e-16,0.3355106321924317,0.20135018193248444
ANET,"FIGARCH(1,d,1)",ged,11606.023376329813,11641.01784189294,-5797.011688164906,6,2521,0.20787212978052047,1.832381776342393,,,1.01,,,,5.691976590293959e-13,0.1607947314987508,0.07510056467810274
MU,"GARCH(1,1)",normal,12565.013504747656,12588.343148456408,-6278.506752373828,4,2521,0.1557260061520017,0.2390824524897386,0.049551394081914744,0.9245519638400767,,,,,,,
MU,"GARCH(1,1)",t,12410.1368037836,12439.29885841954,-6200.0684018918,5,2521,0.15478086008889985,0.16272432550280116,0.0494249735951025,0.9342711530122871,5.715829403444253,,,,,,
MU,"GARCH(1,1)",skewt,12412.011316775996,12447.005782339123,-6200.005658387998,6,2521,0.14773824020513485,0.1628020124189235,0.049449950902794096,0.9342259725109188,,5.722636955898464,-0.00958283239795939,,,,
MU,"GARCH(1,1)",ged,12422.828863083438,12451.990917719377,-6206.414431541719,5,2521,0.14311115754031745,0.18871208001671455,0.048339181883773986,0.9311502717700809,1.2997518073887426,,,,,,
MU,"GJR-GARCH(1,1)",normal,12560.522440125013,12589.684494760952,-6275.261220062506,5,2521,0.14123526004503426,0.2656626393812003,0.03158709282339421,0.9216132259120257,,,,0.03540823061166603,,,
MU,"GJR-GARCH(1,1)",t,12409.002661847418,12443.997127410546,-6198.501330923709,6,2521,0.14439072973207748,0.18894804770564746,0.03740349219228049,0.9292705941798631,5.741357709300509,,,0.028176431955910995,,,
MU,"GJR-GARCH(1,1)",skewt,12410.838185931465,12451.66506242178,-6198.4190929657325,7,2521,0.1362848109111836,0.1892145616173405,0.03738824153558617,0.9292241663811782,,5.747249901180108,-0.010972387754833595,0.02835070405445908,,,
MU,"GJR-GARCH(1,1)",ged,12420.811134250902,12455.80559981403,-6204.405567125451,6,2521,0.1311032647907601,0.21913060601131354,0.03347237682658423,0.9262465300619256,1.302643269471548,,,0.032652273579005756,,,
MU,"EGARCH(1,1)",normal,12537.783276876937,12566.945331512876,-6263.891638438468,5,2521,0.12439011229434987,0.05793027201668692,0.11503290372565643,0.9756137862518656,,,,-0.026964168720383454,,,
MU,"EGARCH(1,1)",t,12392.466466288988,12427.460931852116,-6190.233233144494,6,2521,0.1379058885324125,0.04635432798409575,0.11991160524006889,0.9812072933369538,5.922809587599368,,,-0.024377713404364766,,,
MU,"EGARCH(1,1)",skewt,12394.27993446854,12435.106810958856,-6190.13996723427,7,2521,0.13017888824958243,0.04662401096177471,0.12019388379288726,0.9811206287266533,,5.928583316957614,-0.011702669282974566,-0.02466165477839487,,,
MU,"EGARCH(1,1)",ged,12405.647560949848,12440.642026512976,-6196.823780474924,6,2521,0.12263275677885031,0.0513841674792031,0.11696772834158296,0.9784907919501986,1.3172168495552228,,,-0.026823247943317752,,,
MU,"FIGARCH(1,d,1)",normal,12572.164197674228,12601.326252310168,-6281.082098837114,5,2521,0.161793248357657,0.7665237445255154,,,,,,,0.36554498840385796,0.2689100231922842,0.5540303838475327
MU,"FIGARCH(1,d,1)",t,12416.058237165365,12451.052702728493,-6202.029118582683,6,2521,0.15368095567081178,0.5647845922232397,,,5.6887834841550315,,,,0.3335767032148399,0.3328465935703202,0.5864706101275678
MU,"FIGARCH(1,d,1)",skewt,12417.945564503538,12458.772440993853,-6201.972782251769,7,2521,0.14681928425237925,0.5590188532547947,,,,5.692495053052416,-0.00914478967769994,,0.33276295795299543,0.3344740840940091,0.5881695313297672
MU,"FIGARCH(1,d,1)",ged,12428.74622774389,12463.740693307018,-6208.373113871945,6,2521,0.1434320075826458,0.6097550750099836,,,1.296409087789047,,,,0.3494671703257123,0.3010656593485755,0.5733712895052623
AMD,"GARCH(1,1)",normal,13552.96531453327,13576.294958242022,-6772.482657266635,4,2521,0.1703866785195687,0.15447681693057286,0.013693020549738215,0.9735967258787767,,,,,,,
AMD,"GARCH(1,1)",t,13130.26570686837,13159.427761504308,-6560.132853434185,5,2521,0.13568209693886774,0.5945847938935432,0.048339126500798,0.9075732045312491,3.9908012110690922,,,,,,
AMD,"GARCH(1,1)",skewt,13130.81741006751,13165.811875630638,-6559.408705033755,6,2521,0.1745390920930411,0.5871426496480353,0.04811446812910003,0.9084741475082585,,3.9860479697410143,0.03139359085147234,,,,
AMD,"GARCH(1,1)",ged,13167.680491289957,13196.842545925896,-6578.8402456449785,5,2521,0.08042103533927157,0.3913323395979311,0.031115608128975937,0.9363226126362203,1.075134331539946,,,,,,
AMD,"GJR-GARCH(1,1)",normal,13545.102134496943,13574.264189132882,-6767.551067248472,5,2521,0.16196331992758337,0.1777137869675144,0.0071189713883419185,0.9706264452700455,,,,0.01610572672540111,,,
AMD,"GJR-GARCH(1,1)",t,13127.778424613818,13162.772890176946,-6557.889212306909,6,2521,0.12531326611493301,0.5291530862388902,0.029331419628329625,0.9156334377971261,3.9987489707081085,,,0.033427258587179765,,,
AMD,"GJR-GARCH(1,1)",skewt,13128.45175436667,13169.278630856985,-6557.225877183335,7,2521,0.1627890856405039,0.5186927910272775,0.02918676866125398,0.9167339528837679,,3.9971677921449595,0.03015593150068682,0.0326658838264027,,,
AMD,"GJR-GARCH(1,1)",ged,13163.762232312718,13198.756697875846,-6575.881116156359,6,2521,0.07671821256254223,0.43737805114060824,0.019078741995223723,0.9303916594777121,1.0791967947983248,,,0.031064450091868954,,,
AMD,"EGARCH(1,1)",normal,13545.120492033133,13574.282546669072,-6767.560246016566,5,2521,0.15577982379136981,0.5723981141528351,0.2633641856538454,0.7834188714762453,,,,-0.05874290906669251,,,
AMD,"EGARCH(1,1)",t,13120.460482094575,13155.454947657703,-6554.230241047288,6,2521,0.12412599013725933,0.1257649713562336,0.13553556203284464,0.9550790510625753,3.9994327879901634,,,-0.0148323469882317,,,
AMD,"EGARCH(1,1)",skewt,13120.727921653151,13161.554798143467,-6553.363960826576,7,2521,0.16510364779660924,0.12147445251074711,0.133902694556265,0.9566437061382037,,3.9984692875764343,0.034326516662759606,-0.013702390639433418,,,
AMD,"EGARCH(1,1)",ged,13158.23983010948,13193.234295672608,-6573.11991505474,6,2521,0.07660024220884055,0.2292914163346993,0.16754427119398252,0.9130704679198094,1.081062396627796,,,-0.027410015564544116,,,
AMD,"FIGARCH(1,d,1)",normal,13528.839620638399,13558.001675274338,-6759.419810319199,5,2521,0.18296925793543214,3.9777589543006817,,,,,,,0.0,0.14376803927765977,0.08090309941552087
AMD,"FIGARCH(1,d,1)",t,13130.85315315806,13165.847618721187,-6559.42657657903,6,2521,0.1402621914723189,3.5672507632479187,,,3.8981176694123802,,,,0.0,0.17823184081195345,0.10035879513684655
AMD,"FIGARCH(1,d,1)",skewt,13131.323955843432,13172.150832333748,-6558.661977921716,7,2521,0.18155473882828432,3.5456273368758664,,,,3.885372984555231,0.032430044684342484,,0.0,0.180773530519201,0.10269525977852206
AMD,"FIGARCH(1,d,1)",ged,13160.28429722747,13195.278762790598,-6574.142148613735,6,2521,0.0805226571287327,3.696230622601616,,,1.0862349765765962,,,,8.655059929905756e-16,0.14197488195257923,0.07249969754297308
