rmse,mae,mape,directional_accuracy,qlike,ticker,model,n_predictions
0.19689259162213688,0.1361412616242141,42.05475178062542,44.357366771159874,-0.5730356596405388,NVDA,ridge,639.0
0.2175555114796405,0.15743443871912977,49.57324313638938,49.21630094043887,-0.4748404695417083,NVDA,lasso,639.0
0.20518905446502833,0.14823926254793107,47.117463353163394,52.97805642633229,-0.5680713466583256,NVDA,random_forest,639.0
0.21378094472554193,0.15842681689398874,48.94452029329912,51.88087774294671,-0.495652745548088,NVDA,xgboost,639.0
0.22112151484501316,0.164222211854483,53.05058439227396,54.2319749216301,-0.5063719164293652,NVDA,lightgbm,639.0
0.2202078678768681,0.1523732326581964,44.39143609554658,46.86520376175549,-0.3612881468435261,NVDA,knn,639.0
0.23111460644436976,0.1471833234169867,43.66808224303695,42.78996865203762,-0.44837889246242935,AVGO,ridge,639.0
0.23697434699212735,0.1443770122634144,41.73705201434436,52.03761755485894,-0.395781781764328,AVGO,lasso,639.0
0.2218783974716281,0.14527505815798514,44.18186865013973,52.19435736677116,-0.651296705093196,AVGO,random_forest,639.0
0.22529161191536495,0.15295499142457888,45.868200558944885,55.64263322884012,-0.48303560482444685,AVGO,xgboost,639.0
0.2337801383491398,0.15831765506543882,48.551317694931306,52.82131661442007,-0.4176333765457463,AVGO,lightgbm,639.0
0.238333471276923,0.1546970751539302,46.07834643046618,49.059561128526646,-0.257402400530125,AVGO,knn,639.0
0.15083851748544785,0.10873972221468674,40.784776114397104,38.71473354231975,-0.9514286482434555,TSM,ridge,639.0
0.15467056946320357,0.11193005562894225,39.68925429104921,50.0,-0.919362239654121,TSM,lasso,639.0
0.1502492921132253,0.1152005634432267,43.94825791188916,53.60501567398119,-1.0316476034095938,TSM,random_forest,639.0
0.1554309421372547,0.12092506479603336,46.5750528424014,54.2319749216301,-0.9742897860669971,TSM,xgboost,639.0
0.15615187431892993,0.12144705147539804,45.81458960627071,53.91849529780565,-0.9021288785381621,TSM,lightgbm,639.0
0.1586919947369613,0.11562609566562271,41.14186529861005,44.827586206896555,-0.8101136837971122,TSM,knn,639.0
0.30783690510369155,0.1404654441909571,44.3243081421924,45.45454545454545,0.8371233581008987,SNPS,ridge,639.0
0.31065050429260427,0.14276303880954005,44.37581370447926,52.19435736677116,0.2647678830522124,SNPS,lasso,639.0
0.315154622397506,0.15149411721510006,49.97394665371714,49.52978056426332,1.1984584361994997,SNPS,random_forest,639.0
0.3174251833830584,0.155604787971999,50.491035182463186,52.82131661442007,1.1314229571106837,SNPS,xgboost,639.0
0.3245688376181588,0.1588092045688773,49.428641718029326,48.11912225705329,1.7838049206680868,SNPS,lightgbm,639.0
0.3095176546986544,0.1491847142228111,47.276484069657776,44.043887147335425,1.1757171925975398,SNPS,knn,639.0
0.12109253083371713,0.08845023355205442,50.808308913719934,41.06583072100313,-1.6614642491206648,MSFT,ridge,639.0
0.1142717400588447,0.08712242207046357,55.71656002808728,48.11912225705329,-1.8156365811257877,MSFT,lasso,639.0
0.13555079091617012,0.09765413671140895,59.93586260876215,52.03761755485894,-1.6896399638543789,MSFT,random_forest,639.0
0.14069156133263833,0.10225638044947585,59.366481097695086,53.13479623824452,-1.2965381752459113,MSFT,xgboost,639.0
0.14258354712610324,0.10368047018960325,61.08401373380783,51.09717868338558,-1.39509060783814,MSFT,lightgbm,639.0
0.1309312792982015,0.09633687305031803,54.99671546756477,47.80564263322884,-1.3706435663741796,MSFT,knn,639.0
0.14752221634116816,0.10949675540231789,47.88528717080515,44.20062695924764,-1.1941365000116868,AMZN,ridge,639.0
0.141790604779064,0.10086624707778315,45.69182526410116,49.059561128526646,-1.2478579978242117,AMZN,lasso,639.0
0.16839108047016105,0.12488862034380263,55.35939226298521,50.15673981191222,-1.1275315684299752,AMZN,random_forest,639.0
0.1751713274567322,0.12944929599586752,55.724208014635494,51.88087774294671,-1.010290070753809,AMZN,xgboost,639.0
0.17507548433412548,0.12778152292909353,55.69563642549834,49.059561128526646,-1.0902617948509217,AMZN,lightgbm,639.0
0.1748549056680474,0.12720908418727636,50.2454233652321,44.98432601880878,-0.7623883508503414,AMZN,knn,639.0
0.2100593115915291,0.13114468783036906,50.616752688314605,46.23824451410658,-0.7131672830049204,META,ridge,639.0
0.2110085153546811,0.13239575945713855,52.74669994351597,49.52978056426332,-0.8604075128153026,META,lasso,639.0
0.23906068137478145,0.16070292337887726,63.802446050143004,53.29153605015674,-0.8865847538130074,META,random_forest,639.0
0.25718168182808376,0.16630553798207398,65.4941695240552,53.60501567398119,-0.49898102569025415,META,xgboost,639.0
0.2406154494184632,0.16077547446497192,63.35814173102408,55.01567398119123,-0.5780846249912455,META,lightgbm,639.0
0.2401036563236305,0.15325840685105704,54.41624115521792,49.52978056426332,-0.17108558017146336,META,knn,639.0
0.13980565998815517,0.10041151016412293,46.10796810318097,46.39498432601881,-1.2071129738523931,GOOG,ridge,639.0
0.13746905717331878,0.09757429112786183,47.59368263121934,48.275862068965516,-1.3487910929790294,GOOG,lasso,639.0
0.14627188242444616,0.10553546427967216,50.31237198103386,53.60501567398119,-1.247180718007237,GOOG,random_forest,639.0
0.1550833852267872,0.11253357805217709,52.85208473535952,54.2319749216301,-1.0329790228559077,GOOG,xgboost,639.0
0.15435105897303095,0.11239573500034794,52.203034620228514,54.54545454545454,-1.1949471116057742,GOOG,lightgbm,639.0
0.15351287829751337,0.11115516786839917,51.11532056794926,47.17868338557994,-0.8425068724126309,GOOG,knn,639.0
0.10929573268499601,0.087639576024398,58.96101308449807,47.64890282131661,-1.9204138824510364,AAPL,ridge,639.0
0.1092774820694509,0.09372316738312365,69.77049630370826,50.626959247648905,-1.9458380040418175,AAPL,lasso,639.0
0.1207518018182238,0.09882250772188252,72.41944916697383,50.626959247648905,-1.8959866721566934,AAPL,random_forest,639.0
0.13069917996538422,0.10549761454213531,77.55927736233545,50.626959247648905,-1.8442321063702856,AAPL,xgboost,639.0
0.12867994643110545,0.10331641877128256,74.91728619445159,47.80564263322884,-1.8575289516621354,AAPL,lightgbm,639.0
0.12572637765605285,0.09911291214482462,66.31691188330161,48.275862068965516,-1.6531296549790921,AAPL,knn,639.0
0.14373494437650683,0.10475689686041531,49.07005013880863,47.64890282131661,-1.212601675634429,CRM,ridge,639.0
0.1365291439766498,0.10042149819106487,51.87332046216826,49.21630094043887,-1.369883229570896,CRM,lasso,639.0
0.14901588610403413,0.10606125931244667,52.29140670714823,52.35109717868338,-1.2405233884455868,CRM,random_forest,639.0
0.1621336745478863,0.117139350928335,58.38735555910547,48.275862068965516,-1.1516316828158164,CRM,xgboost,639.0
0.15775086129463892,0.11224251498925227,55.02203432630157,52.03761755485894,-1.171985307972507,CRM,lightgbm,639.0
0.16529583705592243,0.1150635905339776,53.06613664836626,52.82131661442007,-1.0395556324261623,CRM,knn,639.0
0.16514846700286104,0.12443263886370279,51.50810715751943,46.39498432601881,-1.1268028119617808,NOW,ridge,639.0
0.17525419853156088,0.13133521798412115,59.023895920550565,50.470219435736674,-1.0702713458009776,NOW,lasso,639.0
0.1785220827173131,0.1410889830913152,60.60324543307964,56.112852664576806,-1.1032902385881036,NOW,random_forest,639.0
0.18417021383255122,0.14597160968926037,61.261293261295116,52.03761755485894,-1.0623923108190436,NOW,xgboost,639.0
0.18257444163693062,0.1418522041399026,60.32887265030594,54.54545454545454,-1.0854648964418154,NOW,lightgbm,639.0
0.182644786415418,0.13709245034540796,54.42284901824659,51.09717868338558,-0.9284449951924136,NOW,knn,639.0
0.3030112681455034,0.23767237605987376,62.0107917979947,47.82608695652174,-0.023805126796225845,PLTR,ridge,323.0
0.30941309317379784,0.253437166235371,71.6719151013444,53.72670807453416,-0.051597036363292076,PLTR,lasso,323.0
0.3584750864900459,0.29451660067450697,86.92034890720078,54.037267080745345,-0.03554343466692509,PLTR,random_forest,323.0
0.36649530454142165,0.2893624127958271,85.12425816686181,52.79503105590062,0.0075579312927353285,PLTR,xgboost,323.0
0.36264190800800106,0.28693649312014236,83.28774564610771,51.86335403726709,-0.03488155404708069,PLTR,lightgbm,323.0
0.3464746143684624,0.2567170984393024,68.66819523952377,51.86335403726709,0.20377434483416898,PLTR,knn,323.0
0.1395453889351093,0.09063563874447074,46.36588751189738,46.39498432601881,-1.5189901189668005,SAP,ridge,639.0
0.1384361186659843,0.0893973549885557,47.66153359291357,48.7460815047022,-1.5515402838167496,SAP,lasso,639.0
0.14839614255791414,0.09678908992326757,53.25818528227738,50.470219435736674,-1.4714953298034634,SAP,random_forest,639.0
0.15288095817682154,0.09998232786038416,52.99086771457026,51.2539184952978,-1.2409292462874373,SAP,xgboost,639.0
0.16063295017359416,0.10383360470044459,55.68775852975817,51.2539184952978,-1.1645918344389832,SAP,lightgbm,639.0
0.14982133351235888,0.09930015727895652,50.245897313835584,47.33542319749217,-1.2883294235858829,SAP,knn,639.0
0.25745203864368366,0.1411507923184443,52.26902972102315,51.724137931034484,,PANW,ridge,639.0
0.25475704671323846,0.1341802057017186,51.74897027143799,48.589341692789965,-0.5741492572034372,PANW,lasso,639.0
0.272198342493617,0.14981996213609905,56.55142940296734,51.88087774294671,-0.4945634236643741,PANW,random_forest,639.0
0.26795061042762514,0.15261237117052068,55.59178374826642,49.059561128526646,-0.4726342391324371,PANW,xgboost,639.0
0.27806371714534944,0.15524218795313596,57.351183727437196,50.15673981191222,-0.37859493749110007,PANW,lightgbm,639.0
0.2759049072027873,0.1598737883191664,58.794488988621595,50.0,0.18672835459050227,PANW,knn,639.0
0.21261553033999478,0.15818648382898176,50.788213435192056,45.98540145985402,-0.6159284815639976,CRWD,ridge,412.0
0.23118434934685572,0.19783561116515738,75.20441978115291,44.038929440389296,-0.6171157450469328,CRWD,lasso,412.0
0.24570451648971112,0.1964636351508143,71.17646617165043,53.284671532846716,-0.5237026796671687,CRWD,random_forest,412.0
0.26426245143272364,0.21083122427163115,74.32063274362399,49.39172749391727,-0.1928371870871579,CRWD,xgboost,412.0
0.2456631865068757,0.19382289981936948,68.11714684827656,49.87834549878345,-0.4533885651413786,CRWD,lightgbm,412.0
0.2191439131081349,0.16249202967952447,53.21661567961843,49.39172749391727,-0.5701680854249398,CRWD,knn,412.0
0.2636715273883625,0.20003032341616633,76.46370917480117,44.050632911392405,-0.4831595211854991,DDOG,ridge,396.0
0.28385800912718445,0.2339402188864581,95.78623180608083,52.911392405063296,-0.4800120378791606,DDOG,lasso,396.0
0.3754377957970833,0.2931997011580144,118.8576065348975,55.18987341772152,-0.28986051698331694,DDOG,random_forest,396.0
0.4591729953151663,0.3401796609656674,136.20852268651225,55.69620253164557,-0.12494678101374801,DDOG,xgboost,396.0
0.3950800130897065,0.30945488720178455,122.97374362313538,53.417721518987335,-0.15933969682134405,DDOG,lightgbm,396.0
0.3361771947192275,0.24782552394782217,93.53988289413935,52.40506329113924,-0.21262656259260745,DDOG,knn,396.0
0.22554041825296814,0.1518102676145955,46.37465373577667,35.57993730407524,-0.38608495601991694,ANET,ridge,639.0
0.2267345994902137,0.15507017145874674,48.33941488480232,46.70846394984326,-0.4445656124797834,ANET,lasso,639.0
0.27274568849801545,0.19038192347191135,60.33653222814337,42.63322884012539,-0.4212033824364924,ANET,random_forest,639.0
0.2578270516441316,0.18708918781494305,60.291400469913036,52.97805642633229,-0.31528199075255076,ANET,xgboost,639.0
0.24709344551454462,0.17957901843725788,58.13559621587324,52.507836990595614,-0.30726076301755817,ANET,lightgbm,639.0
0.2546966246460626,0.17894102950965216,52.87651395367181,48.589341692789965,0.2010306702610044,ANET,knn,639.0
0.2102937337512221,0.1536512403282781,41.363958065035455,45.29780564263323,-0.4093123015045272,MU,ridge,639.0
0.2264734755350447,0.1677523827723286,46.784676349589915,49.059561128526646,-0.3273042473372725,MU,lasso,639.0
0.2241066760001218,0.17112669113463946,49.94699858578493,48.589341692789965,-0.37625095927847,MU,random_forest,639.0
0.24384906215868046,0.18787430728031707,53.843998100129944,48.589341692789965,-0.22408021611357118,MU,xgboost,639.0
0.23725634538336018,0.1805486648584474,49.971787507606024,48.90282131661442,-0.24401446558297865,MU,lightgbm,639.0
0.23683734281860996,0.1767778629493356,48.52757691345141,48.589341692789965,-0.17653587570264606,MU,knn,639.0
0.24005382401116715,0.1724543265072628,54.74303428145537,44.98432601880878,-0.2705963604394456,AMD,ridge,639.0
0.24042904442205876,0.180014564232048,59.769253546102306,49.52978056426332,-0.30989244872851607,AMD,lasso,639.0
0.255230667768673,0.18564479193856528,56.993825906082485,51.724137931034484,-0.1999079121652461,AMD,random_forest,639.0
0.2724895968990603,0.1940786968889048,58.22005508488727,50.626959247648905,-0.03527049377192801,AMD,xgboost,639.0
0.2652568836657598,0.19305719309876485,60.202259038987016,51.410658307210035,-0.1268512972431736,AMD,lightgbm,639.0
0.2729873839675821,0.1967554214655108,62.1168600770204,47.492163009404386,-0.03660340336520996,AMD,knn,639.0
0.17696919589641352,0.14446040025129678,60.06918443416569,51.30890052356021,-0.8466419497733083,NVDA,stacking,
0.3382559798634575,0.21078536443249996,49.85361394324387,49.73821989528796,1.1502086810661412,AVGO,stacking,
0.23421835265429775,0.20084407628146958,95.70538338258557,54.973821989528794,-0.8194153876602082,TSM,stacking,
0.5192805133175533,0.2281677589030262,44.72364256508322,41.8848167539267,4.660965959016216,SNPS,stacking,
0.17120556024225758,0.11220529859221944,46.52206312812409,44.50261780104712,2.4747403607983,MSFT,stacking,
