regime,ticker,ann_return,ann_vol,sharpe,skewness,excess_kurtosis,n_days
QE Era,NVDA,0.966838843040394,0.4181635840792692,2.3121067444675316,2.4812747710513183,23.981132647480237,463
QE Era,AVGO,0.3365381691916118,0.24795874862184178,1.357234503973325,0.18192485649126838,2.7328426541709887,463
QE Era,TSM,0.26025008024558244,0.19198589088318932,1.355568781895162,-0.611188399948491,2.0172820387937294,463
QE Era,SNPS,0.3371474073219629,0.1604689885154972,2.101012852644753,-0.06675826661263048,7.92526133214715,463
QE Era,MSFT,0.2648711908481544,0.17483877909035758,1.5149453240649067,-0.25171343687192543,7.951235122658549,463
QE Era,AMZN,0.3825906309236715,0.2161853262243276,1.7697345032875693,1.922139947814943,18.04429728096711,463
QE Era,META,0.2581239814124135,0.1868734517805458,1.3812768959581296,-0.14756782390068657,4.638199309608691,463
QE Era,GOOG,0.2043834046784944,0.16259973141926437,1.2569725847301099,-0.46395382810687236,3.5125336828185705,463
QE Era,AAPL,0.283460557862882,0.1891729043059097,1.4984205000336657,0.1213481366781327,5.182087216008947,463
QE Era,CRM,0.2059783459817194,0.2064069817336996,0.9979233466407973,-0.40783504661726816,4.267116252999701,463
QE Era,NOW,0.4423206858644818,0.3023174725509815,1.4630999727939666,0.14450211760160486,7.77640686102098,463
QE Era,SAP,0.19928880966068946,0.1708536384372863,1.1664300010434991,-1.1384623991937644,13.044332087787682,463
QE Era,PANW,-0.013719760884642369,0.3924079593195424,-0.034963003575241465,-3.207674462602271,40.97921586175589,463
QE Era,ANET,0.6664512104657133,0.3709093916371834,1.7968032772748537,0.7705882904875117,17.378985578342906,463
QE Era,MU,0.7142299800360528,0.4092606429732437,1.7451714263243903,0.014528416180892402,2.4886066104379485,463
QE Era,AMD,0.8441049293957401,0.6887146482363031,1.2256236041405082,1.4084536744091,22.339329668190917,463
Rate Hike,NVDA,-0.37265481471650597,0.5039730691631322,-0.7394339847073861,-1.602285261331667,7.907848785023672,251
Rate Hike,AVGO,-0.010291762967990887,0.35762001233983687,-0.028778487257057905,-1.0935310014740665,7.236755722437685,251
Rate Hike,TSM,-0.0718937663804386,0.27487629924404344,-0.2615495281992615,-0.1522990754945329,0.20854297550757872,251
Rate Hike,SNPS,-0.011847955398221054,0.24547286937484328,-0.04826584472815579,-0.31131473513890456,2.0864313326911463,251
Rate Hike,MSFT,0.17244841856644094,0.282635185541392,0.6101449054763418,-0.015185764922597024,2.3054034414333375,251
Rate Hike,AMZN,0.25122389873492573,0.36156208185473887,0.6948292183909301,-0.2769401663718948,2.198798420504247,251
Rate Hike,META,-0.2983942818607083,0.39158115568032054,-0.7620241105379233,-2.4919280258485355,20.987745389380297,251
Rate Hike,GOOG,-0.010406394898074505,0.2823677514387254,-0.036854048824809665,-0.44198233554802707,1.3133387475397753,251
Rate Hike,AAPL,-0.07059069016587877,0.287786852739959,-0.24528809948682306,-0.13888959385611382,1.9020247266412071,251
Rate Hike,CRM,0.2937022080053336,0.3409314052225942,0.8614700890156346,-0.20018900312928875,3.464983724891152,251
Rate Hike,NOW,0.31277567467753686,0.3845701166695251,0.8133124783232084,-0.3074469860299391,1.7576228984109883,251
Rate Hike,SAP,-0.1215302092374871,0.2431145196556154,-0.49988873313548315,-1.116629577614426,3.9345412613130244,251
Rate Hike,PANW,0.2630257722567283,0.3045326816725496,0.8637029392449516,-0.08343135827359356,0.8294715988355934,251
Rate Hike,ANET,-0.11205994228759868,0.49279367574575267,-0.2273972816676605,-1.3848733391063015,8.085293386731117,251
Rate Hike,MU,-0.2602648008317797,0.495331647450616,-0.5254354373909207,-0.2650893381064542,0.9353469799392036,251
Rate Hike,AMD,0.5877382400313519,0.6313977003972653,0.9308526775779457,-0.2705795381545012,2.206858415661936,251
Late Cycle,NVDA,0.7082457852291192,0.40183614758805114,1.762523828381883,-0.5963620639787177,4.533854000989949,284
Late Cycle,AVGO,0.17795525941739235,0.2977551949627443,0.597656270748386,-0.543989516471265,3.2079611207122105,284
Late Cycle,TSM,0.37274554640312885,0.2614422419318811,1.4257280829937493,-0.2666441730397399,1.243277244987142,284
Late Cycle,SNPS,0.5852694934040216,0.24402839726684927,2.3983663375210353,-0.4032926668468192,1.0923179089275297,284
Late Cycle,MSFT,0.5426780707946316,0.2023295696546713,2.682149088345587,-0.2016589407381208,0.8869451509345776,284
Late Cycle,AMZN,0.3206114056637613,0.23345920333697828,1.373308060170951,0.222593678225341,2.9826012493644334,284
Late Cycle,META,0.45048828113963124,0.27841734959591324,1.6180323596695991,0.15254672933511673,5.403346035911667,284
Late Cycle,GOOG,0.3402910203494752,0.23713605730931162,1.4350032812834197,0.22999714573086968,10.066788273497183,284
Late Cycle,AAPL,0.6248916405552478,0.26350424903846437,2.371467036434888,-1.0622228325092256,7.296335734107865,284
Late Cycle,CRM,0.2954634066773609,0.2530124586458607,1.1677820462229427,-0.23698774944330506,0.8957404998175695,284
Late Cycle,NOW,0.6185029243334929,0.34887178699577254,1.7728659851218853,0.6286746839488946,4.752791007230456,284
Late Cycle,SAP,0.2882497915104877,0.2447859536518457,1.1775585453749513,1.7603520280892644,14.870412617011922,284
Late Cycle,PANW,0.2484809791646731,0.280634372168134,0.8854260340419129,-1.5755890146547924,11.715234551924938,284
Late Cycle,CRWD,0.1901979118425605,0.7343083767460693,0.2590163994660961,0.3122609134657546,0.9009764275939713,172
Late Cycle,DDOG,0.5533601046102969,0.6534943964621602,0.8467710015664053,0.5224960560824335,1.2352284019074329,103
Late Cycle,ANET,0.061376221756635395,0.43630559834142346,0.14067255150965652,-4.132810277966643,38.01356492293804,284
Late Cycle,MU,0.5313834897002723,0.43419662420781324,1.22383146269222,0.2041880113575229,2.2981385104695913,284
Late Cycle,AMD,0.9986949785764592,0.5132328581415766,1.945890569424467,0.9420877623078371,5.43684893985338,284
COVID Crash,NVDA,-0.9899436841444886,1.193181865423768,-0.8296670548147346,-0.270272807074342,0.7039222656702324,30
COVID Crash,AVGO,-2.272257124070347,1.2326108161544036,-1.8434505800943026,-0.6246750188326031,1.3165197196526957,30
COVID Crash,TSM,-1.358652921031046,0.795340094425294,-1.7082666026195965,-0.7051731605203135,1.3026036823379203,30
COVID Crash,SNPS,-1.9746396832427924,0.8480641240938787,-2.328408462452781,-0.10164247116726978,0.5304992734934846,30
COVID Crash,MSFT,-1.4412706452842077,0.978969063131704,-1.4722330863792668,0.02871229220606537,0.4390327378657424,30
COVID Crash,AMZN,-0.8434928307797358,0.5958500993482728,-1.4156124698180448,0.04751540355601773,-0.6231033154017296,30
COVID Crash,META,-2.240966416836396,0.8235148223586476,-2.7212217145260276,-0.3490826202464733,1.191438574286598,30
COVID Crash,GOOG,-2.24829108270399,0.7505111007468149,-2.9956799845688775,-0.016809422928208237,-0.10995809152217673,30
COVID Crash,AAPL,-1.9044125617933283,0.9176849971778497,-2.075235584813912,0.12219019554309012,0.12654739178669594,30
COVID Crash,CRM,-2.3777890980630816,0.886687937001442,-2.6816526974576567,-0.5384009207199187,1.314496171890935,30
COVID Crash,NOW,-1.8571529993586038,0.9060428075772611,-2.0497408994665394,0.30675863606337744,-0.7347808839563412,30
COVID Crash,SAP,-1.852178830712517,0.7660506761714028,-2.417828073684899,-0.12560595879949557,-0.15307282208674167,30
COVID Crash,PANW,-3.517193474159221,0.9461757797007491,-3.717272783363381,-0.8261196408986733,1.2978776831986294,30
COVID Crash,CRWD,-1.433372735828041,1.1822283408540646,-1.2124330692263263,0.030304117116057242,0.684843337219101,30
COVID Crash,DDOG,-2.2586348860725307,1.003143287191845,-2.251557593925842,-0.3549135683300474,3.080072700616277,30
COVID Crash,ANET,-0.9123958141606657,0.9557934963013155,-0.9545951271811453,0.23070525074647738,0.0721798645812175,30
COVID Crash,MU,-2.663019630403344,1.1571335948409365,-2.30139341064539,-0.6176756849565365,1.0736328637419814,30
COVID Crash,AMD,-1.8803140374207759,1.0736722103980807,-1.7512924514676784,-0.2690638813180461,-0.3088226744543978,30
Zero-Rate Recovery,NVDA,0.9583706361427153,0.439254618978266,2.1818111745118265,-0.04785445176321353,1.184958728457671,421
Zero-Rate Recovery,AVGO,0.5076542685368145,0.3025765583560991,1.677771309499005,-0.3084134301447441,1.5576009793696883,421
Zero-Rate Recovery,TSM,0.5367053777917405,0.3627169593867185,1.4796809575686825,0.47455532544796514,2.3089232085079363,421
Zero-Rate Recovery,SNPS,0.5828319200578145,0.3242608700327322,1.7974167527490477,-0.046059162337494665,1.994653792381885,421
Zero-Rate Recovery,MSFT,0.44301778360190963,0.26032289090479227,1.7018011057811058,-0.14551412276317316,2.0204634790112843,421
Zero-Rate Recovery,AMZN,0.3514203807949924,0.30144728384405056,1.1657772341275918,-0.05048505890535641,2.2219017518791455,421
Zero-Rate Recovery,META,0.3982717703356741,0.34544541926627403,1.1529224245659508,0.20048168277424816,1.9187484185472972,421
Zero-Rate Recovery,GOOG,0.536408392313757,0.27537380109621995,1.947928198610032,0.20952894616159204,3.1873008479220397,421
Zero-Rate Recovery,AAPL,0.5719867644252667,0.3148079593952155,1.8169386997842212,0.02452038350523669,2.8262716935792707,421
Zero-Rate Recovery,CRM,0.4086317182501747,0.37067799494323617,1.1023900091850625,2.0064293370958315,23.05282134336791,421
Zero-Rate Recovery,NOW,0.48808378299098737,0.37902412154261483,1.2877380495059352,-0.04502066827660148,1.651211938574197,421
Zero-Rate Recovery,PLTR,0.6655058591378012,0.7700890076347922,0.8641934276945444,1.0035599884416293,3.307926062036281,294
Zero-Rate Recovery,SAP,0.09005340748801847,0.3371133621911874,0.2671309345398964,-4.523209634134116,56.15968730934,421
Zero-Rate Recovery,PANW,0.721113026005599,0.332277543285451,2.1702129457063837,1.3532064029583675,10.069459464844334,421
Zero-Rate Recovery,CRWD,0.814613214219522,0.5217272338816727,1.5613775960261174,0.09046181935915336,1.650791896139208,421
Zero-Rate Recovery,DDOG,0.957987986975495,0.5472441401081719,1.7505678302670045,0.3246762496168161,5.145698631495296,421
Zero-Rate Recovery,ANET,0.5363666622805218,0.35735462225521414,1.5009366855130855,1.435230364763915,15.171753107345708,421
Zero-Rate Recovery,MU,0.4140459338986597,0.421870132993019,0.9814535363315496,-0.006393238768725125,1.2360465392951339,421
Zero-Rate Recovery,AMD,0.7468186869819624,0.46577628126682397,1.6033849661703596,0.5912143598947942,2.553626398913436,421
Inflation/Rate Shock,NVDA,0.1567314759467227,0.5857354917382346,0.2675806369212915,0.5485578890067445,2.707246862606256,460
Inflation/Rate Shock,AVGO,0.222163930074796,0.35093811255652313,0.633057288809045,0.4995025261036153,1.6754025131494026,460
Inflation/Rate Shock,TSM,-0.16363407889871004,0.36394065201620085,-0.44961748019131936,0.5823642980010844,2.2528476514927864,460
Inflation/Rate Shock,SNPS,0.16276043087724326,0.36626262132621606,0.444381767071663,0.464372481361786,1.7419745017303288,460
Inflation/Rate Shock,MSFT,-0.02516064668704958,0.31626970752768546,-0.07955439957792063,0.0852766124477404,1.1767844602839976,460
Inflation/Rate Shock,AMZN,-0.1762205292817027,0.43349691095454224,-0.4065093079756264,-0.0681553442557983,3.6770133263414118,460
Inflation/Rate Shock,META,-0.042555149246637926,0.5698634297637325,-0.07467604872325541,-1.727587410985536,22.128278749177046,460
Inflation/Rate Shock,GOOG,-0.04236893126872187,0.3511784911109891,-0.12064785384401938,-0.006505866087451234,1.5831483405922708,460
Inflation/Rate Shock,AAPL,0.019244521877810807,0.3044334473484686,0.06321421658962012,0.08102425542848858,1.4727443119114976,460
Inflation/Rate Shock,CRM,-0.1863853071928093,0.4130322042837584,-0.4512609555858269,-0.05893112462373886,2.444078301936355,460
Inflation/Rate Shock,NOW,-0.08072198861309432,0.47734154020382474,-0.16910740384887946,-0.0015516614424653356,1.808543890695065,460
Inflation/Rate Shock,PLTR,-0.13976499528462089,0.7086874298357447,-0.19721669864670066,0.019173187941881834,3.5789849893896,460
Inflation/Rate Shock,SAP,0.003740622953413675,0.2852755699043169,0.013112314365609022,0.16856999515310808,2.6064984815004295,460
Inflation/Rate Shock,PANW,0.13776338801369314,0.44231872986891707,0.3114572789050101,0.4942842611331033,3.475356677356386,460
Inflation/Rate Shock,CRWD,-0.14258576250099,0.5759533517107915,-0.24756477599697663,-0.29754022600400243,1.4707923554751114,460
Inflation/Rate Shock,DDOG,-0.36789995604937187,0.678244610129028,-0.542429605123413,0.005180091023363859,1.0831704269188491,460
Inflation/Rate Shock,ANET,0.21572838589257315,0.4434720434836294,0.48645318022293027,0.1898896348976719,6.486599427706992,460
Inflation/Rate Shock,MU,-0.11551900907031837,0.4381678721383452,-0.2636409842341086,0.22382471424036712,0.7009492320355761,460
Inflation/Rate Shock,AMD,-0.23663575338954268,0.5626114888802827,-0.4206024193720226,-0.016954127159964052,1.1441614447771191,460
AI Boom,NVDA,0.9018109029159114,0.4889797585202854,1.8442704165197046,0.16038856695493073,2.4606589665630607,315
AI Boom,AVGO,0.821206656007655,0.49197273686166054,1.669211715360912,1.1796252345705789,8.595964191781674,315
AI Boom,TSM,0.6567439425059399,0.37812211208609936,1.7368567494841394,0.2974153526942608,1.7535780403415937,315
AI Boom,SNPS,0.04472480187714032,0.3525376364697899,0.12686532514656185,-0.8247687185103613,4.7771975211666575,315
AI Boom,MSFT,0.23109521296904784,0.20151115355046353,1.1468110270689096,-0.8472427936616345,2.100829638082168,315
AI Boom,AMZN,0.4365755370674044,0.2827255257396992,1.5441673896447268,-0.20557466733956814,3.558206312086148,315
AI Boom,META,0.5344008621461842,0.34099115581068806,1.5671986004319527,1.3653064073939893,18.29137260369601,315
AI Boom,GOOG,0.2941377904443861,0.28126773046143194,1.0457573286556558,-0.5418386034315369,6.83266625355971,315
AI Boom,AAPL,0.30419887079833396,0.2135134786507712,1.424729121180637,0.2997992702696658,3.4556511853921514,315
AI Boom,CRM,0.4000054779893466,0.35413833564916175,1.1295175859910986,-2.6061932699924375,32.534980572685996,315
AI Boom,NOW,0.5120475883416448,0.3262648901032743,1.5694228949353506,-0.3392455185422643,8.729032364339306,315
AI Boom,PLTR,1.2426114170496938,0.6176381281868837,2.011876146146384,1.6866023908492314,10.966861884477145,315
AI Boom,SAP,0.515115878467973,0.24013832415940636,2.145079842091484,0.45951492174668895,2.424275784017038,315
AI Boom,PANW,0.3517875185097846,0.44788119003781235,0.7854482981973075,-5.333763749102121,63.440460369673396,315
AI Boom,CRWD,0.5720094150758578,0.4524849616214119,1.2641512173711762,-0.6013201595104563,5.019193767236818,315
AI Boom,DDOG,0.3601816885247058,0.43435739399212564,0.8292288643099176,2.0011109561572433,22.525863081218585,315
AI Boom,ANET,0.7016208934213174,0.4055140383618019,1.730201243477858,0.15313716353595996,3.6996602660176223,315
AI Boom,MU,0.17021682087174983,0.4814478139902019,0.35355196539580497,-0.22948895867842545,5.398996478830389,315
AI Boom,AMD,0.12885889962990543,0.46989614423542597,0.2742284677384902,-0.18741306548038011,2.0257572674232827,315
Tariff/Geopolitical,NVDA,0.248788497476354,0.47797179095960024,0.5205087458757214,-0.4832781377148081,8.101465223172035,297
Tariff/Geopolitical,AVGO,0.2725312693740095,0.5118025614489201,0.5324929765932975,-0.30881527622383714,7.535449680310271,297
Tariff/Geopolitical,TSM,0.4267872784882315,0.40969138333733063,1.0417287154336474,-0.5002922509462945,4.256317503125959,297
Tariff/Geopolitical,SNPS,-0.14332949440649315,0.5939231182698079,-0.24132668016701328,-5.525061837958018,66.86590038223933,297
Tariff/Geopolitical,MSFT,-0.06220986431153686,0.26296617594402766,-0.2365698329384317,-0.1745730177418051,10.341506637730145,297
Tariff/Geopolitical,AMZN,-0.055281922769604884,0.337323461283969,-0.16388401375695272,0.23453309204319941,5.402488617034719,297
Tariff/Geopolitical,META,0.012399548151802806,0.3769399645984746,0.03289528656111351,0.5479135388737661,8.052216827518148,297
Tariff/Geopolitical,GOOG,0.37772039157047144,0.30397456624445696,1.242605248975692,0.2110635248182183,3.89176892530232,297
Tariff/Geopolitical,AAPL,-0.00151308930025587,0.3120478967734263,-0.0048489008126675615,0.6517744619295079,11.556284863739005,297
Tariff/Geopolitical,CRM,-0.45563646166239574,0.34274369948223476,-1.3293795403116155,-0.2208198913424813,1.328978352929357,297
Tariff/Geopolitical,NOW,-0.5284877120480348,0.425140183458139,-1.2430904737097659,-0.11795650718899424,7.179809814446027,297
Tariff/Geopolitical,PLTR,0.5979830423281768,0.6503065695648783,0.9195402142843008,0.11921343078858002,3.746192337593989,297
Tariff/Geopolitical,SAP,-0.23339864666090857,0.32232113908161214,-0.7241183352911015,-1.6635815612587592,15.43349721236661,297
Tariff/Geopolitical,PANW,-0.07880383958583614,0.35794209104362973,-0.22015806902192653,-0.24466551232449238,4.247118587324554,297
Tariff/Geopolitical,CRWD,0.21009386413855427,0.4642428293828295,0.45255166227953547,0.2339200327419375,3.6902175997428595,297
Tariff/Geopolitical,DDOG,-0.1309455197958418,0.5231825715016435,-0.2502864715466357,1.0069777856429696,7.575519124510762,297
Tariff/Geopolitical,XYZ,-0.4051649613993101,0.5666913787290733,-0.7149658113874596,-1.1603331185470322,9.542712697010103,286
Tariff/Geopolitical,ANET,0.15737172663774288,0.5810723549757076,0.27082982917733534,-1.0790241302701729,8.560070569767287,297
Tariff/Geopolitical,MU,1.3499399034000554,0.642666830895895,2.100528358555867,-0.33258151547204323,2.4856718558673663,297
Tariff/Geopolitical,AMD,0.4086514772722493,0.6040555768482321,0.6765130443865139,0.7195018749207047,7.786000108053179,297
